Symbol	Class	gene_id	Adipose_SUB	Adipose_VOM	Adrenal	Artery_AOR	Artery_COR	Artery_TIB	Bladder	Brain_ACC	Brain_AMY	Brain_CBG	Brain_COR	Brain_FRO	Brain_HIP	Brain_HYP	Brain_NBG	Brain_PBG	Brain_SPI	Brain_SUB	Cerebellum_CER	Cerebellum_HEM	Cervix_ECT	Cervix_END	Colon_SIG	Colon_TRA	Esophagus_GAS	Esophagus_MUC	Esophagus_MUS	FallopianTube	Heart_ATR	Heart_LVE	Kidney	Liver	Lung	Mammary	MinorSalivaryGland	NerveTibial	Ovary	Pancreas	Pituitary	Prostate	Skeletal_Muscle	Skin_NON	Skin_SUN	Small_Intestine	Spleen	Stomach	Testis	Thyroid	Uterus	Vagina
NSUN4	1_Methylase	ENSG00000117481	6.599	6.443	8.8045	6.313	6.045	6.315	8.176	2.478	1.9675	2.6	3.3955	3.939	2.37	3.484	2.657	2.137	3.949	2.6255	5.41	5.9585	7.7805	8.531	5.712	4.8045	5.719	5.984	5.5315	7.526	3.186	2.455	4.501	2.722	7.36	7.147	6.156	7.4005	8.643	2.9895	7.467	8.0745	3.784	5.999	6.053	4.963	6.5285	4.5985	80.43	9.0765	7.818	7.542
TYW3	1_Methylase	ENSG00000162623	13.365	12.18	13.17	18.86	19.43	21.32	18.27	6.41	5.758	6.727	7.865	10.03	5.645	8.239	7.661	5.4775	10.32	6.992	12.65	16.495	18.43	18.82	19.29	9.802	19.365	9.72	19.55	19.61	8.039	6.2	8.237	4.841	11.96	13.96	10.39	18.415	22.64	5.183	15.09	16.505	4.262	8.274	7.911	9.281	11.96	8.849	11.93	17.38	23.33	14.43
TRMT13	1_Methylase	ENSG00000122435	11.315	10.24	8.3715	9.117	11.09	9.04	12.34	3.056	3.9765	4.4095	3.2905	3.526	4.523	4.842	4.009	3.8015	11.37	5.4845	13.55	12.94	17.155	19.94	13.27	9.366	9.9125	9.826	9.196	15.84	5.591	4.294	5.261	4.851	9.59	12.815	11.52	20.19	22.22	6.326	11.07	14.905	7.2775	10.14	9.987	10.91	13.765	9.1135	10.26	18.3	19.81	15.27
HENMT1	1_Methylase	ENSG00000162639	5.0595	4.386	2.8495	3.436	4.302	3.04	6.133	7.397	5.4455	6.288	8.799	12.64	5.141	11.2	9.638	5.1275	10.2	7.251	5.723	6.4295	3.392	6.289	3.358	4.889	2.403	2.569	2.536	4.437	1.259	0.481	1.294	0.5983	5.665	5.634	3.661	5.0405	6.146	0.695	7.53	3.969	1.188	3.018	3.18	7.571	15.26	2.289	103.1	3.5685	3.898	3.043
TRMT1L	1_Methylase	ENSG00000121486	7.731	7.399	10.985	9.815	10.59	9.894	13.28	5.253	4.8345	5.874	5.3585	7.817	5.772	7.058	6.41	4.599	10.49	5.9495	11.32	15.03	8.525	12.04	10.35	7.6955	9.703	7.383	9.7615	11.71	5.955	5.754	5.118	5.841	9.086	7.493	6.57	11.66	13	3.2195	11.6	8.1405	13.275	4.665	4.739	8.34	11.5	6.4435	36.23	10.11	11.96	9.012
TARBP1	1_Methylase	ENSG00000059588	13.835	9.778	8.862	7.025	8.716	5.274	10.41	11.68	8.142	12.385	22.495	20.05	10.36	15.08	17.95	9.7965	12.84	7.6775	59.99	61.22	13.825	18.71	10.85	12.945	7.5485	12.91	7.0275	21.26	5.369	3.721	8.182	3.946	15.64	17.645	18.24	28.3	11.65	9.2525	32.48	20.49	6.9985	19.18	19.13	16.11	22.625	13.12	17.66	25.04	14.13	14.69
TFB2M	1_Methylase	ENSG00000162851	13.84	13.71	32.505	8.189	10.83	9.33	18.99	3.756	3.2165	4.3315	5.3675	6.525	3.107	5.051	5.007	3.196	4.522	3.6465	11.54	13.26	10.72	13.28	11.93	13.66	11.4	13.49	12.885	15.3	7.739	9.193	11.73	20.16	11.14	14.355	14.31	11.69	12.19	9.4835	12.87	12.98	16.76	14.31	14.45	11.6	13.025	12.72	17.51	19.235	12.41	12.39
TRMT61B	1_Methylase	ENSG00000171103	13.955	11.97	16.945	13.71	14.08	13.12	18.06	6.222	5.3225	6.1185	7.73	10.44	6.055	7.969	7.097	5.0875	9.808	6.378	17.53	23.17	17.475	19.19	13.37	10.225	12.88	11.15	14.045	16.11	8.448	8.618	7.669	5.19	10.64	15.415	12.84	16.275	18.34	4.1915	13.27	13.365	9.718	12.8	13.43	12.82	11.52	9.4765	12.02	15.73	18.78	14.27
THUMPD2	1_Methylase	ENSG00000138050	14.825	12.05	7.4965	28.84	20.02	20.7	14.75	4.658	4.5035	5.8105	6.0245	6.789	4.963	6.211	5.964	4.056	8.116	5.1215	25.99	30.765	19.8	21.6	14.09	9.2935	12.005	12.13	11.31	19.48	6.293	3.562	6.304	4.015	13.5	17.63	13.05	21.045	29.95	4.8245	15.53	20.765	6.9645	16.83	17.17	10.59	12.91	8.2685	11.64	18.855	21.71	18.93
METTL5	1_Methylase	ENSG00000138382	43.375	33.3	29.21	61.5	57.62	58.27	37.12	22.88	21.505	19.46	22.915	29.32	19.37	28.38	22.86	16.445	28.94	19.61	23.12	29.64	30.53	35.15	45.46	28.105	43.16	25.98	45.505	33.12	20.77	21.56	20.08	12.99	25.14	36.84	22.21	39.755	26.67	18.45	31.1	30.925	22.955	24.71	23.53	23.04	23.45	25.22	24.95	32.275	34.04	31.12
METTL8	1_Methylase	ENSG00000123600	4.708	3.515	3.559	3.6	3.98	3.932	5.152	2.454	2.49	3.241	2.3415	2.77	2.579	2.727	3.624	2.967	5.943	3.532	3.107	3.551	5.7535	4.827	7.241	4.0115	5.3865	6.366	6.5425	4.625	1.617	1.03	1.731	1.301	3.381	4.055	2.619	5.445	4.559	1.0595	1.983	4.83	1.651	8.265	9.114	4.418	5.8635	1.7255	4.627	3.156	5.041	6.575
THUMPD3	1_Methylase	ENSG00000134077	14.4	11.82	14.945	13.54	14.57	15.3	19.56	7.804	7.24	7.559	9.2005	10.46	6.819	9.404	8.618	6.4535	12.6	8.751	12.99	14.93	17.22	19.49	14.11	12.39	13.48	14.19	13.93	17.17	9.267	8.471	9.033	7.035	13.87	14.325	14.61	17.81	14.81	6.099	18.45	15.95	11.945	14.06	14.12	12.26	11.905	10.175	54.72	18.47	16.42	14.51
METTL6	1_Methylase	ENSG00000206562	3.1305	3.075	2.94	3.409	3.476	3.196	3.531	4.202	3.454	4.027	4.6255	5.851	3.498	4.738	4.936	3.356	5.761	3.4045	7.547	9.447	4.9155	5.889	3.228	2.2405	2.713	2.629	2.605	3.888	1.355	0.9695	1.916	1.645	3.237	3.26	2.506	5.5295	5.432	1.1505	4.967	3.931	1.658	2.606	2.76	2.704	3.869	2.1985	12.05	4.087	4.798	3.864
NSUN3	1_Methylase	ENSG00000178694	4.262	3.829	3.7605	4.84	4.994	4.589	5.271	1.976	1.771	2.6725	1.911	2.392	2.035	2.44	3.104	1.9275	3.276	2.0685	2.542	3.0095	5.461	6.128	3.772	4.3825	3.385	3.199	3.1845	4.387	2.044	1.293	1.973	2.048	5.123	4.393	3.773	5.938	5.646	2.058	4.248	4.802	0.81155	3.869	4.001	4.622	5.6355	3.673	7.512	5.1615	5.911	4.667
TRMT10C	1_Methylase	ENSG00000174173	16.97	18.52	20.92	14.16	16.77	13	19.3	10.68	7.382	7.684	13.59	17.21	7.481	10.27	9.7	6.6455	6.656	8.051	14.54	16.855	16.47	16.16	16.5	16.635	16.46	21.33	16.23	25.04	9.995	13.87	9.989	12.96	14.04	18.07	13.5	15.19	17.01	5.829	11.86	12.305	18.845	18.99	18.81	16.72	21.22	14.7	20.69	14.02	18.29	15.18
TRMT44	1_Methylase	ENSG00000155275	5.3695	4.932	2.833	4.461	4.675	5.037	6.786	1.631	1.317	1.799	2.9195	2.594	1.555	1.94	2.323	1.5235	1.96	1.5005	7.929	7.5595	7.976	9.669	5.132	3.3905	5.0185	6.472	4.8035	7.944	2.42	1.301	1.985	1.863	4.821	6.3785	4.982	8.7685	14.49	2.018	4.071	6.227	2.2525	7.854	8.517	3.763	3.799	3.4755	6.509	8.628	8.445	7.029
ZCCHC4	1_Methylase	ENSG00000168228	6.5055	4.732	4.351	5.403	5.507	5.693	7.408	1.685	1.619	1.8395	1.9515	2.193	1.85	1.961	1.915	1.581	4.063	1.926	5.411	6.524	6.9665	7.188	5.358	4.182	4.627	4.034	4.5945	8.639	2.845	2.238	2.504	1.806	5.392	6.19	4.726	8.0495	7.85	2.019	3.829	5.3045	3.764	4.91	5.101	4.902	5.842	3.691	7.683	5.6765	8.578	6.166
NSUN7	1_Methylase	ENSG00000179299	0.59315	0.984	1.484	9.589	2.161	6.022	3.292	0.3739	0.48145	0.2753	0.2507	0.202	0.4225	1.299	0.5432	0.13155	0.5479	0.53335	0.2307	0.15805	2.258	2.877	2.697	4.189	2.249	3.262	1.8765	6.614	2.031	0.1134	4.363	0.2903	5.916	3.2985	8.444	0.5768	5.349	5.1285	7.714	9.292	0.050755	2.15	2.674	3.543	4.5725	4.552	25.47	10.81	3.045	2.509
TRMT10A	1_Methylase	ENSG00000145331	2.8775	2.708	3.177	2.611	2.875	2.539	4.1	1.451	1.4725	2.073	1.4845	1.928	1.722	2.192	1.734	1.577	3.799	2.092	2.344	2.6625	2.4705	3.017	2.784	2.5395	2.4855	3.566	2.5265	2.951	1.128	0.978	1.877	2.775	2.567	2.9915	2.781	3.688	3.687	2.179	3.505	3.3115	1.5895	2.472	2.512	3.417	3.453	3.0305	9.102	4.211	2.892	2.651
NSUN2	1_Methylase	ENSG00000037474	42.22	37.84	31.12	39.85	40.42	43.48	45.52	13.43	12.19	14.13	18.355	18.2	14.6	17.27	15.17	11.905	25.04	14.2	43.36	45.185	48.895	47.22	41.06	39.385	40.475	47.71	40.975	57.84	18.1	18.59	19.61	29.07	44.9	42.965	37.34	53.235	51.04	17.87	44.19	44.215	35.16	51.61	52.77	41.34	56.655	33.755	49.47	47.31	55.61	47.92
DIMT1	1_Methylase	ENSG00000086189	25.425	23.36	13.895	24.91	28.58	32.66	25.79	12.91	12.91	13.21	12.53	15.51	14.34	16.35	14.96	11.485	23.69	14.975	14.95	17.72	28.54	35.19	21	13.215	20.51	20.78	20.89	29.93	10.58	7.332	8.061	5.044	19.98	25.72	20.31	28.735	24.75	9.827	18.62	24.045	8.498	14.74	15.14	13.51	18.4	10.05	16.34	21.965	26.65	25
FBLL1	1_Methylase	ENSG00000188573	0.2001	0.2683	1.113	0.258	0.2642	0.1476	0.198	32.56	17.45	15.835	35.395	44.37	18.96	42.02	22.92	12.42	6.064	18.315	34.97	39.58	0.43345	0.4652	1.472	0.7181	0.54915	0.1607	0.52445	0.6749	0.2087	0.09511	0.3139	0.2745	0.1968	0.75685	0.8786	0.3503	1.218	0.4552	29.03	1.634	0.058875	0.5316	0.6093	0.4715	0.31675	0.52845	13.68	0.37825	0.283	0.3649
CMTR1	1_Methylase	ENSG00000137200	32.945	23.93	28.455	37.77	32.13	34.26	40.53	14.56	10.79	13.24	25.485	21.06	11.75	18.1	15.95	10.685	16.41	12.535	51.99	47.055	44.725	44.73	42.98	24.9	36.605	20.83	36.415	47.07	19.59	13.49	16.55	13.16	38.11	33.365	26.99	47.97	55.52	13.25	45.49	38.775	16.97	31.43	35.45	30.64	45.21	24.57	131.5	41.08	52.08	35.12
TRMT11	1_Methylase	ENSG00000066651	13.96	12.67	11.155	21.81	18.69	20.4	14.07	8.065	6.886	8.3695	9.5825	10.65	7.738	9.807	8.756	6.924	14.75	8.4695	30.26	32.125	18.015	18.86	16.52	11.31	19.39	10.27	15.875	20.8	7.572	4.792	9.538	14.28	14.79	16.725	13.72	24.845	24.62	5.1885	29.74	19.45	5.2715	9.13	8.712	14.78	12.21	11.43	19.89	22.73	30.73	17.04
TFB1M	1_Methylase	ENSG00000029639	5.6615	4.536	15.305	7.192	7.459	8.317	9.467	3.211	2.7165	2.979	3.978	4.482	2.993	3.934	3.293	2.6755	4.861	3.594	6.357	6.711	7.883	8.437	7.005	6.651	6.3745	8.2	6.445	6.296	4.496	4.261	4.549	6.353	6.373	6.1105	7.156	10.04	8.836	3.0875	9.249	7.181	6.4195	8.241	8.572	6.322	9.913	5.4705	18.41	10.745	7.655	8.725
MRM2	1_Methylase	ENSG00000122687	14.735	12.43	16.59	17.53	17.25	16.05	18.99	9.835	8.1395	9.497	13.145	13.86	8.3	9.828	9.784	8.512	11.21	8.9635	15.84	17.565	16.93	18.44	16.79	13.225	16.04	16.7	16.31	18.69	8.237	7.266	9.631	8.282	16.23	14.995	14.01	18.54	18.37	5.582	15.48	17.2	11.895	17.43	18.1	14.11	23.665	11.17	20.42	18.18	19.9	16.1
NSUN5	1_Methylase	ENSG00000130305	20.495	15.77	12.825	24.03	20.89	20.69	27.09	10.69	8.694	10.58	13.96	13.79	9.899	13.57	11.47	9.5065	19.63	12.07	31.25	30.855	26.755	28.21	26.4	21.18	22.625	19.49	23.53	27.84	9.304	7.921	12.62	9.003	22.38	21.06	19.54	29.6	22.28	14.01	21.11	26.205	19.42	24.31	25.75	22.56	37.395	17.35	36.97	25.385	31.14	22.93
BUD23	1_Methylase	ENSG00000071462	27.13	25	26.535	32.44	29.93	30.15	31.75	12.43	11.555	13.35	14.28	16.92	11.73	16.79	15.16	11.485	22.62	13.99	22.51	25.725	35.905	39.08	27.37	23.535	26.235	21.01	27.4	35	20.77	20.4	17.81	12.64	30.82	30.18	28.38	33.295	35.26	13.57	36.74	30.85	32.88	27.79	29.18	21.56	30.34	22.18	113.4	38.205	38.09	27.43
METTL27	1_Methylase	ENSG00000165171	4.018	2.786	2.1465	3.672	2.417	2.287	4.508	0.9257	1.106	1.199	1.132	1.293	1.092	1.189	1.13	0.7786	1.391	0.98475	3.719	3.4405	5.6575	21.24	2.381	3.3285	2.5255	2.13	2.094	10.37	0.5453	0.269	6.702	1.163	3.917	4.951	5.311	5.2885	6.585	5.2115	6.575	9.97	0.3684	2.493	2.561	2.565	3.361	1.693	10.75	7.9145	10.11	5.608
MEPCE	1_Methylase	ENSG00000146834	39.925	35.55	46.06	34.43	34.4	37.1	47.06	21.65	17.245	21.17	30.325	28.48	16.79	21.5	23.66	16.83	23.07	18.88	59.68	56.955	41.865	52.64	39.09	30.655	39.12	32.74	38.2	64.02	13.74	12.28	27.78	19.9	39.25	37.055	34.16	51.12	64.87	12.69	38.28	43.295	24.185	43.2	46.76	36.38	83.375	25.67	159.3	69.315	56.17	37.43
METTL2B	1_Methylase	ENSG00000165055	7.0825	6.885	6.288	6.33	6.884	5.957	7.11	6.23	5.275	4.883	5.5895	7.487	5.147	6.74	5.924	4.0805	6.68	5.452	9.347	11.495	8.311	8.157	6.954	6.3355	6.726	6.664	6.8095	8.562	3.926	3.321	3.575	4.085	6.97	7.3055	6.052	8.797	8.493	3.248	7.537	7.2005	5.174	7.346	7.605	5.741	6.8115	5.138	5.669	7.432	9.172	7.185
TRMT9B	1_Methylase	ENSG00000250305	1.0545	1.328	0.2632	3.171	5.48	1.27	1.853	3.078	1.475	2.946	3.525	4.485	2.366	2.776	3.115	1.705	1.585	1.6125	92.84	105.9	1.1675	2.396	0.6677	1.665	2.7605	0.914	3.939	1.691	4.218	2.38	2.908	1.218	2.663	3.0135	2.797	0.69575	0.5073	1.1495	2.1	1.834	0.45465	2.058	2.466	1.319	2.2315	0.7676	2.755	58.475	0.9737	1.289
TGS1	1_Methylase	ENSG00000137574	13.67	12.92	8.48	10.96	11.41	11.2	16.89	3.778	3.1155	4.0505	4.9185	5.212	3.328	4.544	4.506	3.179	4.062	3.1375	12.78	14.025	15.79	16.2	12.11	9.742	11.635	12.11	11.13	18.22	4.442	3.322	5.107	4.039	13.32	14.035	10.61	15.29	18.27	4.206	11.29	12.835	7.465	13.88	14.23	11.71	14.88	8.0365	16.78	14.195	17.72	14.58
TRMT12	1_Methylase	ENSG00000183665	10.21	8.265	8.1115	10.47	9.9	9.531	10.19	4.151	3.584	4.166	5.4865	6.31	3.757	5.36	4.754	3.162	5.183	4.284	9.005	9.222	9.7315	12.21	9.293	7.875	8.644	6.674	8.9895	13.19	4.521	4.243	5.637	3.203	9.226	10.1	8.654	10.61	8.407	3.549	9.142	9.7485	6.9615	8.638	8.686	7.472	9.5975	7.165	15.06	12.935	11.8	8.747
TRMT10B	1_Methylase	ENSG00000165275	12.92	10.72	11.395	15.81	14.38	17.03	19.5	6.552	7.258	8.1155	7.7225	7.755	7.516	9.188	8.529	7.0075	12.68	8.6185	19.36	21.885	18.41	24.27	18.8	11.67	16.565	9.357	16.055	19.42	5.349	3.14	7.414	5.449	12.95	14.445	11.87	23.615	25.53	6.4645	16.4	20.15	3.988	12.13	12.19	12.83	16.97	10.28	9.593	21.505	22.9	17.92
TRMO	1_Methylase	ENSG00000136932	7.4765	5.965	6.9005	4.271	5.037	4.237	6.199	2.882	3.2335	3.3905	3.093	3.367	2.874	4.061	3.732	2.9585	5.361	3.856	4.539	4.8235	5.8345	6.474	4.572	5.39	4.98	5.956	4.4445	7.069	2.47	1.855	4.32	3.939	7.998	8.64	8.039	8.265	8.519	2.9975	7.612	8.5175	2.6675	7.969	8.492	7.357	11.66	5.558	14.27	14.525	7.577	6.705
SPOUT1	1_Methylase	ENSG00000198917	17.38	14.2	11.625	22.24	21.17	21.92	26.79	12.28	11.13	13.33	17.34	16.16	11.02	14.39	15.05	11.49	15.02	11.46	42.1	40.27	24.295	29.52	19.03	15.49	19.635	18.2	19.135	26.05	7.569	6.317	11.2	12.53	19.2	19.48	16.86	29.155	29.31	7.456	23.11	33.205	8.6345	20.37	20.63	17.06	26.56	16.125	17.43	27.145	32	24.52
TRDMT1	1_Methylase	ENSG00000107614	1.875	1.509	1.1525	2.832	2.529	2.824	1.459	0.7534	0.7514	1.1395	0.789	0.8621	0.7646	1.067	1.079	0.88165	1.2	0.7464	4.433	4.3365	2.406	2.765	1.439	0.9798	1.3135	0.8072	1.1275	3.134	0.7302	0.4877	0.7126	0.2328	1.767	1.965	1.244	4.563	3.879	0.65825	1.531	1.6415	0.54575	1.321	1.317	1.214	1.55	0.85975	1.722	3.289	3.073	1.572
NSUN6	1_Methylase	ENSG00000241058	11.53	11.04	15.9	9.939	10.98	8.753	28.34	10.84	11.25	11.34	11.16	12.51	11.21	14.44	12.06	8.702	20	12.72	24.59	27.505	14.59	19.4	10.02	9.3965	9.1105	8.622	8.9765	18.82	7.902	4.641	8.709	30.92	12.96	14.71	12.36	22.22	29.24	8.7345	34.22	22.14	3.428	12.58	11.61	11.78	18.56	10.455	42.89	28.105	18.01	15.81
RRP8	1_Methylase	ENSG00000132275	8.3145	7.134	5.2135	8.264	8.954	11.35	10.54	3.323	3.554	3.2755	4.0515	4.077	3.5	3.732	3.331	3.0135	5.32	3.8095	7.913	8.0055	10.34	10.6	15.06	7.57	10.3	5.957	10.315	10.13	4.303	3.438	4.407	4.418	8.15	8.267	6.027	10.385	9.418	3.0115	6.388	11.335	3.732	7.994	8.678	6.964	9.201	5.9405	9.42	10.725	13.68	8.869
METTL15	1_Methylase	ENSG00000169519	4.9285	4.119	6.513	5.019	5.133	6.646	6.262	2.846	2.651	2.8175	2.9835	4.456	2.678	3.504	3.078	1.9505	4.427	2.6655	5.23	7.923	5.484	6.221	4.8	5.0305	4.227	4.203	4.2545	6.225	2.704	2.453	3.31	2.889	4.684	5.17	4.328	6.952	6.4	2.106	6.317	5.472	3.783	4.274	4.17	3.933	3.9475	3.2975	4.49	6.4715	5.889	5.259
ALKBH8	1_Methylase	ENSG00000137760	5.9785	3.951	3.2205	6.117	5.776	6.648	7.104	2.516	2.033	2.639	2.535	3.604	1.974	2.776	3.489	2.103	3.278	2.3025	4.13	5.842	6.3945	6.791	5.175	3.3375	4.16	3.949	4.1345	5.665	2.676	1.705	2.21	1.947	4.039	5.396	4.161	7.11	5.801	1.697	3.349	4.8285	3.6685	4.58	5.204	4.156	5.1485	2.926	4.795	6.2465	7.11	5.653
NOP2	1_Methylase	ENSG00000111641	23.335	29.42	18	17.72	21.5	15.33	22.95	8.971	8.313	10.0305	12.335	12.27	8.084	10.73	11.33	8.9205	11.46	8.437	25.9	24.76	23.435	23.64	20.5	21.255	19.53	29.21	19.79	41.47	9.265	7.181	13.5	12.12	27.84	24.565	22.62	26.63	25.68	9.885	26.27	33.66	22.89	27.2	26.94	24.57	39.595	17.92	38.76	35.175	33.52	26.91
EMG1	1_Methylase	ENSG00000126749	27.53	26.61	22.845	27.15	25.83	26.49	25.77	9.958	9.697	9.777	10.365	12.32	9.095	12.99	10.88	8.338	15.7	13.48	11.95	13.295	32.52	34.26	20.56	19.35	22.15	27.98	22.095	31.65	14.74	12.96	14.25	10.99	29.16	30.71	21.65	30.5	29.09	9.178	21.32	26.235	15	25.32	25.02	19.92	28.335	17.25	21.62	33.285	32.47	26.92
BCDIN3D	1_Methylase	ENSG00000186666	4.8535	4.289	6.267	4.648	5.4	3.85	7.583	2.417	2.4615	2.3885	2.5195	3.032	2.272	2.889	2.38	2.1415	3.885	2.6965	5.787	7.037	6.3675	7.487	5.879	4.7515	5.649	6.543	5.918	7.352	1.902	1.662	3.258	4.074	4.703	5.3295	6.358	6.7185	6.512	4.041	7.004	8.0365	2.366	5.421	5.9	5.523	8.0245	5.9355	6.853	6.891	7.444	5.977
METTL1	1_Methylase	ENSG00000037897	9.7865	12.49	15.665	8.863	10.64	7.187	8.16	3.496	3.1155	3.9795	4.101	4.475	3.079	3.992	4.286	3.243	3.751	3.488	3.078	2.7875	10.797	9.991	6.857	7.0555	6.9875	11.42	7.0095	16.37	4.468	2.766	11.24	6.51	10.65	11.8	10.61	10.66	14.83	11.625	14.1	13.875	6.513	10.77	9.754	6.394	8.6745	7.4415	15	18.715	13.1	11.07
METTL17	1_Methylase	ENSG00000165792	42.885	31.05	58.175	42.17	41.79	40.63	52.19	9.351	9.193	11.855	14.6	12.8	9.667	11.7	12.1	10.325	17.37	12.37	64.07	61.875	60.185	67.25	47.02	45.8	40.405	38.07	37.42	63.51	18.39	16.34	29.76	24.79	47.37	46.56	41.65	68.915	63.35	20.645	45.72	49.245	16.9	46.48	48.12	51.12	67.295	34.425	50.85	65.665	66.13	55.66
METTL3	1_Methylase	ENSG00000165819	46.175	36.14	33.515	44.82	46.3	47.2	53.54	12.48	13.315	18.23	20.055	17.67	15.03	15.69	20.38	14.01	25.4	16.11	77.09	73.27	63.42	65.71	43.19	33.075	40.27	33.36	39.36	70.4	19.46	14.22	25.65	15.09	57.92	55.525	46.19	74.29	80.49	20.6	54.31	65.67	19.71	44.3	45.04	42.8	62.28	29.965	65.46	83.035	77.93	56.73
TRMT5	1_Methylase	ENSG00000126814	7.791	6.225	5.903	5.991	6.843	5.939	7.948	3.465	3.155	3.5905	3.8215	4.443	2.982	3.887	4.348	2.8725	3.518	3.0125	7.399	8.5145	6.731	7.003	6.688	5.342	6.977	6.119	7.709	9.23	2.573	1.732	3.4	2.866	5.34	7.5015	6.072	9.128	9.981	3.606	6.455	7.2175	3.7325	6.097	6.476	4.679	5.498	4.569	18.79	7.482	8.58	6.257
TRMT61A	1_Methylase	ENSG00000166166	20.46	17.05	12.835	21.54	26.85	30.56	31.48	13.25	11.46	20.065	16.235	16.84	13.77	13.51	18.05	17.62	17.7	13.89	24.42	24.1	29.705	34.01	46.75	20.59	41.195	14.2	45.55	46.8	6.679	4	12.26	7.445	17.67	20.09	12.26	28.31	23.39	8.066	15.29	35.555	7.558	17.85	19.84	13.3	13.965	13.96	21.15	35.75	43.39	23.89
LCMT2	1_Methylase	ENSG00000168806	6.1235	6.661	8.1495	8.217	8.241	5.577	8.383	3.597	3.089	3.4125	4.275	4.819	2.628	4.569	3.901	2.734	3.162	3.0195	7.944	8.292	8.1425	12.18	6.168	5.8	7.779	8.571	7.6145	11.95	3.413	2.797	3.862	3.098	5.659	6.9385	6.685	8.2745	8.551	2.9255	9.227	8.114	3.265	5.495	5.92	6.964	8.821	6.2565	9.803	8.802	9.459	6.975
METTL9	1_Methylase	ENSG00000197006	47.605	49.64	73.125	33.95	38.61	37.69	50.7	41.85	36.06	51.165	40.315	49.74	27.36	29.75	53.72	43.24	40.26	35.44	28.3	32.59	57.42	63.81	40.23	28.53	33.99	47.62	34.125	40.19	19.52	13.76	52.55	5.46	47.37	46.485	37.81	44.745	49.61	14.995	45.02	43.28	30.02	42.48	44.14	28.64	45.7	28.85	14.24	53.22	49.08	54.33
CMTR2	1_Methylase	ENSG00000180917	8.9485	8.333	10.73	6.036	8.465	4.994	9.2	2.032	2.2295	2.864	2.653	2.295	2.291	3.46	3.196	2.2535	6.475	3.1965	4.026	3.9865	9.3475	10.33	7.711	8.719	7.0595	15.79	7.3565	9.465	3.664	2.623	6.118	7.072	10.47	10.17	11.52	10.365	10.22	4.4125	12.43	12.075	3.307	7.408	7.241	13.09	15.2	6.331	17.93	15.545	10.68	11.91
MRM3	1_Methylase	ENSG00000171861	16.35	15.44	19.28	13.73	14.68	15.8	19.55	8.276	5.813	7.535	11.205	12.54	6.348	8.001	8.822	6.382	6.259	6.537	13.89	14.655	14.01	16.11	17.88	14.42	19.21	17.18	21.425	17.25	11.73	12.67	11.68	14.63	13.89	17.045	13.96	17.885	16.89	13.28	12.96	15.845	22.055	23.2	24.74	13.7	19.325	18.105	44.56	16.97	17.69	14.9
METTL16	1_Methylase	ENSG00000127804	9.862	7.307	8.5325	11	10.11	13.78	13.32	3.855	4.3935	4.9955	3.902	4.56	4.509	5.016	5.238	4.4365	6.697	4.8235	8.685	10.11	17.165	17.25	11.96	6.814	11.135	7.039	10.935	13.88	4.539	3.641	4.515	2.667	9.74	10.065	7.766	13.315	18.43	3.809	11.43	11.22	4.721	10.43	11.35	6.887	8.0415	5.308	11.5	13.84	16.95	11
MRM1	1_Methylase	ENSG00000129282	6.44	5.616	9.1365	6.017	7.819	7.185	13.84	3.828	3.0465	4.836	5.428	5.529	3.273	4.795	5.761	4.3845	4.35	3.791	4.745	4.4335	8.8675	11.45	7.214	9.133	6.6465	7.675	7.993	9.053	4.293	4.818	5.471	4.993	6.22	7.669	7.476	11.41	12.32	4.227	6.051	10.105	6.009	5.805	6.336	9.655	11.225	6.2	5.833	10.22	10.59	9.214
METTL2A	1_Methylase	ENSG00000087995	6.8925	7.469	7.9935	8.268	8.15	7.374	7.733	5.553	4.42	4.7485	5.568	6.436	4.022	5.408	5.173	3.5175	5.941	4.3865	7.268	8.4355	7.403	8.676	7.24	7.8575	7.272	9.42	7.148	9.585	4.96	4.589	4.552	4.686	7.692	7.3945	7.276	8.819	8.028	3.902	6.279	7.711	5.193	8.217	8.24	6.329	6.5455	6.3695	10.23	8.0445	8.938	8.016
FTSJ3	1_Methylase	ENSG00000108592	42.13	33.23	33.54	36.89	35.97	40.46	42.91	10.68	10.875	11.33	15.015	13.9	10.3	12.58	11.11	10.28	17.59	12.435	28.91	28.365	51.975	55.54	41.02	31.425	42.095	31.77	40.685	49.97	21.05	14.99	24.09	14.33	35.69	37.53	32.58	50.335	53.55	12.39	27.83	43.27	23.815	40.86	45.29	32.19	43.95	25.6	41.02	45.44	52.72	40.97
METTL4	1_Methylase	ENSG00000101574	6.6575	7.06	3.948	5.922	6.112	5.61	8.02	2.926	2.7235	3.6805	3.297	3.979	2.904	4.238	3.92	2.9745	5.843	3.432	6.584	8.1165	9.5305	11.75	6.228	5.2565	5.3645	5.643	5.14	7.755	2.932	2.076	3.555	2.1	6.011	6.716	5.764	8.2405	9.53	1.8075	6.367	8.1395	1.7735	4.655	4.225	7.077	11.28	4.4445	8.307	9.53	11.01	9.975
RNMT	1_Methylase	ENSG00000101654	17.335	14.65	11.035	18.37	16.94	19.64	21.16	12.37	9.0515	10.725	14.005	20.07	9.159	15.32	12.74	8.8205	12.29	10.71	23.14	28.18	19.24	21.69	18.03	11.89	18.305	14.1	18.12	22.97	12.52	7.558	7.985	6.262	17.24	17.755	15.91	23.945	28.69	7.394	22.36	19.12	11.715	19.83	20.07	14.21	16.44	11.805	19.11	24.41	24	18.07
TRMT1	1_Methylase	ENSG00000104907	34.63	38.86	26.6	29	36.45	28.75	41.86	21.47	17.55	18.705	28.95	27.58	19.41	21.98	22.79	17.275	26.43	18.7	47.68	45.545	47.55	57.9	35.73	30.345	32.06	34.19	30.805	56.09	14.53	10.71	23.37	17.48	39.7	41.555	29.07	52.84	62.49	18.455	38.07	54.74	19.535	36.32	34.89	33.81	67.245	26.21	38.18	48.525	63.45	45.45
FBL	1_Methylase	ENSG00000105202	152.9	130.7	81.14	123.4	115.9	127.5	144.1	34.71	40.905	38.215	36.19	39.35	36.76	38.38	46.84	38.42	61.12	42.855	68.99	76.845	236.75	238.1	110.8	106.95	109	181.4	99.325	193.9	44.07	27.89	57.72	36.49	119.3	187.25	118.2	161.2	376.9	77.895	95.07	142.05	60.525	244.3	244.7	105.9	159.4	92.41	164.8	142.8	248.4	210.5
PCIF1	1_Methylase	ENSG00000100982	52.31	37.65	36.025	63.01	57.52	73.9	54.38	17.98	16.18	17.195	26.475	22.82	16.03	20.22	20.56	15.33	30.23	16.92	83.72	83.525	81.745	80.96	56.31	36.78	61.82	33.77	58.5	82.18	24.62	17.95	21.61	12.05	58.11	56.22	36.34	74.005	89.59	19.115	52.57	51.93	31.815	54.64	61.77	41.6	62.745	30.07	41.17	72.21	100.6	58.2
TRMT2A	1_Methylase	ENSG00000099899	31.49	25.79	33.5	31.43	29.46	26.94	32.65	14.9	13	15.26	21.63	18.97	14.35	17.05	16.02	13.585	22.75	14.885	49.12	46.9	37.51	45.16	29.96	23.84	28.285	24.66	26.495	42.39	11.32	8.259	19.97	21.8	31.26	34.07	29.61	44.235	41.11	16.905	50.77	46.18	12.52	28.87	29.84	28.23	58.055	25.315	62.03	48.185	41.48	33.01
FTSJ1	1_Methylase	ENSG00000068438	27.62	25.3	22.195	32.18	29.9	26.97	23.12	11.63	10.055	12.155	13.91	15.78	10.25	12.3	16.49	10.545	14.51	10.165	31.79	33.685	32.29	38.26	19.02	16.885	20.805	23.58	20.53	33.14	11.95	6.72	10.67	8.183	29.62	28.005	24.97	34.67	32.73	14.255	28.82	24.03	11.03	24.45	26.4	18.14	30.225	17.56	24.49	33.715	34.45	30.02
TRMT2B	1_Methylase	ENSG00000188917	8.102	7.619	8.374	9.44	8.936	8.396	10.55	3.161	2.7745	3.254	3.7065	4.426	2.605	3.467	3.654	2.7265	4.926	3.38	2.751	2.782	11.595	12.15	8.068	9.422	7.2175	10.72	6.892	9.704	6.394	5.564	7.693	3.758	11.6	9.0585	12.17	9.617	12.78	3.8615	10.27	11.19	6.936	9.992	9.283	11.33	17.025	8.751	4.846	15.02	10.57	10.8
ADAR	2_Deaminase	ENSG00000160710	84.195	71.35	71.805	94.07	86.07	92.87	88.92	53.05	43.27	53.955	69.025	74.52	38.8	69.49	68.28	42.545	51.52	44.495	108.8	116.55	116.75	132.8	83.99	67.37	82.595	59.59	78.51	115.4	31.29	21.44	49.98	41.18	115.3	83.625	65.21	112.75	121.2	30.31	113.7	92.045	15.305	69.86	74.63	88.92	136.2	54.81	74.33	100.8	133.1	86.11
ADAD1	2_Deaminase	ENSG00000164113	0	0	0	0	0	0	0.03261	0	0	0	0	0	0	0	0	0	0	0	0	0	0.01115	0	0	0	0	0	0	0	0	0	0	0	0	0	0	0	0.0188	0	0	0	0	0	0	0.008424	0	0	139.1	0	0	0
ADAT2	2_Deaminase	ENSG00000189007	5.7795	5.009	5.0375	4.194	4.594	3.064	4.407	1.449	1.111	1.49	1.697	1.797	1.339	1.832	2.114	1.1955	1.906	1.3905	6.882	7.398	6.063	4.825	4.161	5.4595	4.9425	6.814	4.8015	7.142	1.44	0.8012	3.031	3.51	7.99	5.9285	4.674	11.3	6.182	3.476	5.879	6.5525	1.1315	7.378	6.691	6.497	8.5695	5.5	2.997	9.278	6.689	7.215
ADARB2	2_Deaminase	ENSG00000185736	0.12795	0.0956	0.1925	0.08378	0.1318	0.1183	0.6167	3.938	4.078	3.478	3.5255	3.663	5.561	4.026	3.011	3.658	13.69	6.7925	2.762	1.957	0.55615	1.12	1.576	0.5421	0.9101	0.3116	0.87125	0.6335	0.1555	0.03523	0.2402	0.04991	0.7361	0.2481	1.454	3.285	0.145	0.73725	0.4207	0.45425	0.026385	0.1845	0.1924	0.585	0.19715	0.3342	2.604	0.1254	0.18	0.3126
APOBEC1	2_Deaminase	ENSG00000111701	0	0	0	0	0	0	0	0	0	0	0	0	0	0	0	0	0	0	0	0	0	0	0	0.92985	0	0	0	0	0	0	0	0	0	0	0	0	0	0	0	0	0	0	0	26.96	0	0.1035	0.1468	0	0	0
ADAT1	2_Deaminase	ENSG00000065457	7.673	6.159	6.874	7.752	7.42	7.123	8.698	2.749	2.4565	2.889	3.406	4.358	2.685	3.965	3.184	2.453	5.467	3.6195	4.893	4.994	7.605	8.587	5.309	5.003	4.725	4.647	4.9095	8.216	2.65	1.773	4.531	2.749	7.845	7.404	5.756	8.0165	6.629	2.7045	6.455	7.4925	2.254	6.149	6.606	5.968	8.96	4.375	22.8	8.867	9.192	6.882
ADAD2	2_Deaminase	ENSG00000140955	0.72715	1.148	0.49745	0.08034	0.1399	0.1159	0.9307	2.587	1.1525	0.88205	1.138	1.291	0.7298	0.3409	1.699	0.4932	0.2329	0.2397	0.1625	0.11955	0.5366	1.512	0.272	0.37905	0.30745	3.354	0.3193	0.695	0.2933	0.2581	0.2495	0.05499	0.1956	1.0135	0.5566	0.7581	0.6957	0.1456	0.2555	1.7105	0.1172	1.466	1.156	0.7738	8.4385	0.2886	165.8	0.35325	1.244	1.985
ADAT3	2_Deaminase	ENSG00000213638	2.7825	3.905	4.6935	3.484	3.13	2.59	4.367	0.9267	1.0475	0.9397	1.3285	1.183	1.638	1.591	0.8834	0.8965	6.249	1.912	5.564	5.209	5.403	8.02	3.38	6.9765	3.0605	9.934	3.0365	6.233	1.665	1.031	5.162	2.386	5.198	4.1155	8.205	3.298	4.813	2.7265	4.586	8.586	0.9741	13.89	13.16	6.128	7.84	3.956	4.854	6.979	5.457	6.951
ADARB1	2_Deaminase	ENSG00000197381	14.54	11.66	5.4695	60.42	46.18	119.9	58.66	8.964	4.608	7.2455	11.2	13.88	4.917	7.804	8.649	5.9625	4.111	5.693	51.9	59.79	20.1	14.74	30.97	12.62	62.84	5.22	72.48	16.85	4.542	3.124	4.006	2.589	40.66	11.36	6.66	14.86	8.213	2.419	6.379	17.455	5.4105	12.13	15.04	7.613	15.44	6.742	7.258	7.877	25.61	10.24
APOBEC3A	2_Deaminase	ENSG00000128383	0.96735	2.393	0.1705	0.5677	0.5905	0.2043	0.5153	0.1506	0.1806	0.1702	0.20065	0.168	0.1343	0.2027	0.1183	0.171	0.2296	0.21735	0.1341	0.09994	0.68765	0.3516	0.247	0.67205	0.2632	2.04	0.2695	0.6572	0.5057	0.4103	0.3772	0.8332	16.65	0.7424	0.7778	0.2886	0.2987	0.13325	0.3797	0.4549	0.16955	0.2525	0.1878	0.5881	53.235	0.31075	0.2656	1.5205	0.4731	3.789
APOBEC3G	2_Deaminase	ENSG00000239713	6.6385	6.622	11.035	5.836	6.647	3.617	17.45	1.222	1.7975	1.691	1.1805	1.13	1.71	1.861	1.42	1.5065	4.748	2.508	1.075	0.88445	11.76	13.48	7.358	5.3005	4.98	4.113	4.7605	11.63	2.571	1.2	3.18	1.688	12.65	7.559	6.055	12.59	24.3	1.044	5.672	11.73	0.54385	2.238	2.155	9.464	43.91	4.0095	33.56	8.4635	14.2	10.72
PUSL1	3_Pseudouridylase	ENSG00000169972	12.88	12.82	17.52	12.98	14.01	12.63	23.91	9.501	7.3625	6.8935	11.465	10.75	8.059	7.721	7.257	6.375	10.22	7.549	19.83	20.68	28.37	26.26	13.91	13.335	14.85	29.23	13.945	22.38	8.473	5.657	9.544	8.777	16.32	15.695	20.67	15.2	17.92	9.585	28.36	21.66	5.609	29.31	29.9	13.43	17.55	13.945	24.18	16.37	25.39	24.27
PUS10	3_Pseudouridylase	ENSG00000162927	2.8165	2.522	2.9225	2.6	2.698	2.295	3.129	1.175	1.054	1.1105	1.303	1.536	1.031	1.557	1.4	0.86855	2.339	1.171	2.371	2.3935	2.7265	3.304	1.977	2.1735	2.0295	2.443	1.947	2.73	1.075	0.7001	1.773	3.836	4.007	3.018	2.677	3.359	4.133	1.584	3.891	2.843	1.177	2.517	2.355	3.757	3.3415	1.707	3.862	6.6785	3.502	3.055
RPUSD3	3_Pseudouridylase	ENSG00000156990	15.825	13.71	20.255	17.31	18.51	18.7	23.65	14.18	11.345	12.735	18.36	20.61	10.57	13.89	14.85	10.32	10.83	9.5705	24.73	27.635	19.63	20.98	21.18	15.77	20.51	21.01	21.26	21.76	12.09	11.29	12.69	9.669	16.68	16.795	14.78	21.56	19.46	7.8035	19.78	20.09	22.285	19.46	20.29	14.85	18.845	13.475	55.06	17.845	23.77	20.06
PUS7	3_Pseudouridylase	ENSG00000091127	11.88	9.779	4.7135	7.326	8.826	11.04	8.255	3.292	2.1985	3.112	4.029	4.956	3.006	4.031	3.493	2.9325	4.537	3.163	9.945	12.19	11.825	11.43	5.934	5.4265	6.093	10.66	6.2555	10.59	3.82	2.013	3.372	4.066	8.537	10.65	7.455	10.735	8.305	4.0275	5.084	8.069	7.474	11.12	11.64	4.926	4.585	5.045	5.818	11.62	11.55	10.93
TRUB2	3_Pseudouridylase	ENSG00000167112	19.025	17.83	35.045	16.53	17.67	15.51	24.26	24.21	20.04	20.79	30.15	35.58	22.22	28.35	23.48	20.775	26.94	26.35	28.46	31.44	22.705	25.52	16.67	17.715	16.055	26.74	16.045	23.54	14.82	18.05	19.29	20.88	16.45	21.47	20.04	21.71	19.89	9.425	35.44	21.06	14.445	22.29	23.28	16.7	18.715	17.595	21.35	24.2	20.63	21.15
TRUB1	3_Pseudouridylase	ENSG00000165832	8.42	7.852	25.64	8.297	9.021	7.872	10.12	10.09	7.5685	7.1965	7.3515	16.36	7.176	10.31	9.427	5.1415	8.729	6.1385	7.779	12.5	10.334	11.6	7.755	7.359	6.479	9.15	6.843	11.45	4.879	4.331	6.379	4.704	6.301	9.011	9.241	9.421	15.57	3.589	10.09	9.0825	3.9865	6.862	6.94	6.581	7.232	5.762	17.58	11.135	13.83	10.44
PUS3	3_Pseudouridylase	ENSG00000110060	9.5445	9.724	9.7325	8.714	9.122	8.252	11.01	4.211	4.1605	4.559	4.663	5.318	3.804	5.628	5.078	4.1035	6.218	4.6235	7.763	8.814	8.459	12.28	11.8	8.3435	9.1355	8.572	9.137	11.28	3.972	3.588	5.676	14.24	9.423	9.9135	9.174	9.3085	10.65	10.115	12.98	9.9435	9.4095	10.23	10.21	7.693	10.33	10.375	9.511	10.41	12.29	9.646
RPUSD4	3_Pseudouridylase	ENSG00000165526	25.96	22.84	17.38	19.74	20.64	20.2	24.64	9.282	7.26	9.695	13.27	13.69	7.313	10.09	12.09	7.185	12.3	8.395	23.55	27.07	26.62	32.1	20.41	17.135	17.61	20.59	16.09	26.65	12.47	17.56	12.44	13.82	19.64	25.05	20.97	27.835	36.64	19.02	16.94	22	79.12	25.78	26.24	17.49	25.055	24.065	20.01	21.76	32.02	25.36
PUS7L	3_Pseudouridylase	ENSG00000129317	2.704	2.673	2.5185	2.999	3.114	2.373	3.479	2.209	1.943	2.5825	2.8765	3.134	2.187	2.815	3.891	1.929	3.942	2.1645	8.549	7.189	3.782	4.551	2.587	2.266	2.2695	3.995	2.209	3.138	1.628	0.8581	1.269	1.294	2.37	2.897	3.513	3.691	5.258	1.8365	6.419	3.6205	1.2225	2.38	2.242	2.378	2.609	2.188	2.974	4.37	4.72	4.602
PUS1	3_Pseudouridylase	ENSG00000177192	11.585	14.1	13.85	9.882	11.58	8.494	13.99	7.683	6.065	9.9685	9.9915	10.37	6.683	7.617	11.61	8.1075	6.881	5.511	12.78	13.57	11.595	14.58	12.24	12.605	12.95	17.03	15.43	21.75	4.611	3.353	8.95	11.35	13.4	13.59	11.02	14.09	13.58	7.738	12.71	17.305	6.387	16.66	15.49	15.2	23.24	10.76	21.13	15.845	15.93	15.01
RPUSD2	3_Pseudouridylase	ENSG00000166133	6.7715	5.565	8.893	8.149	7.703	6.91	10.19	5.119	4.1925	6.3785	6.5725	7.513	4.397	5.292	6.614	5.2075	4.212	4.3495	8.025	8.455	7.8985	9.446	9.418	9.2465	10.335	9.155	11.1	12.05	4.094	4.959	4.787	5.393	6.652	7.652	7.56	8.8805	10.6	2.9855	8.786	8.8185	6.688	10.7	11.56	8.772	11.805	6.634	12.47	9.0415	12.4	7.997
RPUSD1	3_Pseudouridylase	ENSG00000007376	15.785	11.34	12.435	15.48	16.22	14.32	18.99	15.11	9.5545	12.03	22.48	21.37	11.21	11.5	12.31	11.41	9.396	9.1115	25.66	21.95	17.53	20.57	15.86	16.475	13.78	19.18	14.165	18.75	6.254	4.948	10.57	7.427	15.59	16.085	17.32	17.305	14.11	7.9625	15.95	22.32	5.555	19.95	22.95	18.05	29.385	16.345	12.28	18.37	19.23	16.66
DKC1	3_Pseudouridylase	ENSG00000130826	30.195	30.2	24.72	26.87	27.48	28.89	33.3	12.9	12.69	14.32	12.615	16.64	12.5	18.54	15.83	11.125	20.86	14.115	29.09	37.375	39.7	36.76	24.59	27.2	23.32	47.37	22.395	42.11	13.43	10.17	13.77	11.21	29.7	37.32	31.32	32.84	46.81	20.57	31.02	32.465	20.155	43.72	43.98	28.5	43.5	23.14	48.05	45.325	41.5	40.65
YRDC	4_OthertRNA	ENSG00000196449	17.565	22.04	15.16	15.61	17.53	15.21	19.95	10.54	8.613	9.1335	13.325	15.36	10.05	12.71	10.63	7.7455	13.71	9.926	22.4	24.25	19.745	14.67	14.69	16.52	15.775	27.17	16.005	26.91	6.62	4.884	13.62	11.79	22.57	20.415	19.09	18.33	17.49	12.37	26.3	18.29	7.798	30.87	29.68	16.89	21.51	16.435	49.07	18.695	18.9	21.58
TRIT1	4_OthertRNA	ENSG00000043514	14.585	12.91	10.845	13.48	16.49	15.88	30.8	7.094	6.406	8.1065	8.8635	9.361	7.905	9.925	9.724	6.7125	9.512	6.661	24.01	27.485	25.61	24.55	20.66	14.605	19.355	21.8	20.13	21.39	11.1	8.406	10.42	7.206	16.38	18.265	19.23	25.19	26.35	12.575	26.26	32.575	6.146	29.17	31.84	14.69	18.575	13.435	24.08	32.935	33.91	28.09
TPRKB	4_OthertRNA	ENSG00000144034	23.13	19.59	15.74	21.85	23.56	22.74	25.2	9.968	10.29	10.85	10.325	12.59	10.13	13.98	10.79	9.3595	22.02	12.995	27.72	33.99	28.31	32.73	20.94	18.99	19.915	24.87	19.24	40.69	13.54	13.53	15.3	9.255	18.39	24.89	20.54	25.325	40.24	10.735	17.4	26.95	21.705	19.07	16.54	18.52	24.04	17.825	48.29	20.42	32.54	28.41
CIAO1	4_OthertRNA	ENSG00000144021	50.7	46.01	63.845	44.81	45.67	42.52	53.86	24.67	19.785	27.025	32.265	37.19	21.04	24.93	28.89	19.915	32.1	23.125	44.59	49.955	48.795	59.82	40.54	36.805	37.685	42.93	38.925	51.1	23.54	19.58	32.9	28.4	47.91	47.935	42.46	52.89	47.04	22.515	45.85	41.245	26.485	39.49	41.98	40.54	53.785	34.025	53.88	48.1	51.46	45.87
OSGEPL1	4_OthertRNA	ENSG00000128694	6.049	5.001	11.975	5.869	7.189	5.822	8.682	3.701	3.673	4.2595	4.5775	4.878	3.953	4.689	4.422	3.9115	9.187	4.7785	12.02	13.42	7.609	10.07	6.775	4.723	5.575	4.397	4.9665	9.142	4.008	3.952	4.07	3.441	6.057	6.3115	5.543	10.25	13.34	2.5365	7.516	7.0665	4.3175	5.043	5.37	5.546	9.5405	4.378	12.51	8.58	11.42	7.068
WDR6	4_OthertRNA	ENSG00000178252	51.305	61.79	118	93.75	86.15	87.84	149.2	32.27	30.855	35.31	42.76	34.74	25.13	45.07	41.63	25.145	40.59	29.12	115.8	98.81	166.15	207.8	129.2	88.895	111.95	52.74	106.05	163.8	37.55	28.22	70.28	35.23	94.65	73.075	97.52	96.615	287.9	57.44	239.6	169.1	32.5	41.88	37.05	97.14	116.75	72.85	86.33	251.05	211.8	111.7
THG1L	4_OthertRNA	ENSG00000113272	7.8645	6.574	8.2475	7.05	8.484	8.449	15.74	1.953	1.821	2.026	2.5415	2.804	1.995	2.932	2.058	1.6785	3.409	2.13	3.36	3.8815	12.215	13.08	13.28	10.19	9.937	8.1	10.585	11.07	3.411	2.09	3.734	2.99	7.396	7.885	5.99	8.996	12.63	4.0655	7.31	9.489	3.444	8.031	8.016	7.861	7.0305	8.07	12.3	10.855	14.19	9.987
CDKAL1	4_OthertRNA	ENSG00000145996	9.4195	7.671	4.9395	8.092	8.543	10.59	10.01	2.272	2.305	2.5775	2.774	2.998	2.327	3.069	2.842	2.0675	6.36	2.652	5.496	6.14	11.7	12.77	8.07	6.3075	7.375	6.542	6.9725	11.62	3.43	2.436	3.686	2.458	9.339	9.932	7.662	11.3	13.02	3.659	6.339	8.0775	6.2565	9.355	10.25	6.733	8.5845	5.619	9.794	11.06	12.48	9.238
MTO1	4_OthertRNA	ENSG00000135297	4.94	4.216	3.5355	4.622	4.85	5.373	6.396	1.965	1.69	1.997	2.6805	2.859	1.873	2.56	2.261	1.6825	3.505	2.2405	6.42	6.9465	7.2265	7.863	5.426	4.304	5.195	4.199	4.974	6.281	2.678	2.12	3.268	4.6	4.713	5.041	4.077	8.0035	7.384	1.828	5.078	5.5715	3.169	4.054	4.443	5.306	7.984	3.5045	6.727	6.682	7.146	5.918
ELP3	4_OthertRNA	ENSG00000134014	14.725	12.66	13.165	13.95	14.51	16.57	17.76	11.64	9.3565	10.3	17.225	18.4	9.041	12.75	13.07	8.6155	12.77	9.4895	20.91	22.915	17.785	18.64	16.74	11.52	15.19	11.31	15.35	18.72	7.846	7.047	9.426	8.081	14.04	14.035	10.55	18.415	18.98	4.9725	14.68	15.355	14.53	11.98	13.61	11.96	16.015	9.1255	17.36	16.815	20.44	14.35
ELP1	4_OthertRNA	ENSG00000070061	19.45	19.64	76.56	26.87	26.05	22.36	26.61	13.24	10.665	14.355	24.29	21.71	12.13	19.29	18.92	11.5	18.83	13.535	75.63	72.65	34.65	43.24	25.86	17.525	25.245	16.47	24.24	34.25	14.94	10.27	12.43	11.71	26.29	22.025	19.31	39.245	55.59	11.285	58.79	28.35	10.625	21.51	20.01	20.53	25.48	17.2	24.71	37.1	40.59	28.59
SERGEF	4_OthertRNA	ENSG00000129158	11.185	9.656	9.4785	30.31	22.34	25.64	14.05	28.76	22.465	16.34	30.125	33.86	22.25	22.82	19.88	15.55	11.15	20.315	34.19	39.21	14.59	15.08	17.21	8.574	16.875	6.872	16.46	10.41	6.487	3.761	8.083	3.993	11.09	12.045	9.093	16.3	22.12	6.188	29.1	16.345	6.1635	12.86	12.37	8.438	9.598	8.759	10.25	23.815	17.63	14.04
ELP4	4_OthertRNA	ENSG00000109911	9.7655	9.244	8.9215	10.73	10.95	13.56	11.69	7.47	7.133	7.8395	7.5	7.444	6.068	6.208	7.783	6.3365	10.13	5.9375	16.58	19.245	11.4	13.73	9.573	8.107	10.075	10.02	10.095	11.94	5.452	4.306	6.086	3.869	8.898	9.8385	6.859	12.57	10.22	5.257	7.234	7.2105	5.0735	10.31	10.33	7.102	7.873	6.2305	12.17	8.6215	12.12	10.76
NAT10	4_OthertRNA	ENSG00000135372	23.875	22.26	20.925	20.04	20.85	21.69	26.44	11.62	9.2865	12.38	16.46	16.71	9.531	13.5	14.04	9.931	12.42	10.205	26.74	28.2	29.005	29.85	20.52	17.805	20.77	24.13	19.405	31.95	9.485	6.983	11.13	8.426	21.66	27.35	20.19	33.145	36.1	11.285	21.89	26.18	13.14	31.9	34.45	18.53	27.15	15.995	34.14	27.38	34.14	28.13
ISCU	4_OthertRNA	ENSG00000136003	133.05	118.1	227.65	211.3	194.2	213.6	141.1	110.2	74.32	89.855	141.3	165.4	66.51	124.4	130.6	68.77	70.01	100.105	109.7	116.8	166.05	176.7	166.1	91.6	144.15	54.18	136.5	132.9	123.5	144.2	134.3	34.86	119.9	126.4	76.83	147.05	151	30.93	188.5	120.4	127.8	73.81	81.67	91.25	129	80.47	127.3	157.95	151.9	102.8
OSGEP	4_OthertRNA	ENSG00000092094	18.655	15.37	16.07	21.6	21.25	20.13	26.7	15.35	12.515	15.1	20.26	18.61	13.69	16.96	16.68	12.795	17.79	14.83	72.71	80.51	31.705	39.97	24.05	21.175	19.74	14.05	17.35	35.39	9.971	6.873	12.95	9.594	24.58	21.315	17.32	36.22	40.46	10.055	48.68	31.41	8.004	18.99	18.23	25.12	44.37	16.56	14.67	44.57	36.95	26.13
NUBP1	4_OthertRNA	ENSG00000103274	23.295	21.61	35.55	27.52	26.96	28.16	32.11	6.462	6.522	7.2545	7.398	8.111	5.929	7.55	7.495	5.912	10.44	7.5745	13.79	15.335	26.1	26.94	27.7	18.94	25.615	16.94	26.595	32.15	20.34	18.07	16.62	10.53	23.28	23.7	17.75	22.77	28.15	13.03	17.75	22.59	16.395	14.8	15.12	20.43	29.91	21.765	23.22	28.53	26.57	19.59
THUMPD1	4_OthertRNA	ENSG00000066654	24.075	19.57	21.545	32.94	28.71	29.23	42.14	10.44	9.154	11.43	11.675	15.6	9.893	13.15	14.05	8.7145	14.18	9.111	24.22	31.5	38.205	45.22	36.13	21.965	34.485	18.83	30.68	44.42	8.387	6.459	15.36	9.644	26.61	25.795	22.83	25.895	46.14	12.25	24.68	46.895	11.435	22.83	22.23	24.02	25.66	24.785	32.66	34.395	50.17	34.1
DUS2	4_OthertRNA	ENSG00000167264	7.4595	6.745	6.746	6.37	6.875	6.321	10.37	4.045	3.257	3.7275	5.3855	5.736	3.373	4.675	4.396	3.445	5.833	4.288	7.756	8.0525	9.085	7.667	6.596	7.337	6.6775	12.45	6.7835	7.796	3.278	2.632	4.372	4.32	10.06	8.061	6.529	9.264	7.918	2.0855	6.855	8.02	3.874	11.94	13.49	8.269	18.855	5.741	48.58	8.6785	9.099	10.55
CTU2	4_OthertRNA	ENSG00000174177	11.935	12.28	9.28	14.44	15.2	14.9	13.44	10.07	7.8085	8.696	13.23	13.8	9.438	8.956	10.17	7.5635	10.14	7.245	15.97	15.76	15.515	16.31	13.5	9.5665	13.57	9.084	13.495	18.83	6.505	5.239	6.268	6.063	12.31	12.635	9.427	17.72	16.33	5.95	16.03	13.115	10.255	11.04	11.29	9.165	13.17	9.2225	19.17	17.67	19.29	11.97
ELP5	4_OthertRNA	ENSG00000170291	23.815	25.12	31.26	23.33	24.97	23.15	28.88	22.01	17.305	18.56	26.19	27.11	17.79	21.11	20.76	16.265	21.35	18.58	40.54	40.37	27.155	32.81	30.62	25.71	27.065	20.52	26.395	34.07	18.98	16.25	21.76	18.7	25.24	25.315	21.41	29.35	34.82	9.536	39.53	35.585	18.08	16.91	18.43	25.39	32.635	17.89	185.6	35.315	37.1	25.51
QTRT1	4_OthertRNA	ENSG00000213339	49.96	47.31	56.595	47.01	52.06	43.01	58.99	44.78	38.795	49.38	56.96	51.12	41.41	47.81	58.91	44.18	47.52	37.88	117.4	117.25	65.885	95.79	57.76	53.705	48.875	44.54	47.315	79.49	22.97	15.21	55.6	36.28	44.16	62.69	50.78	94.435	104	64.785	89.59	91.62	19.885	56.67	53.6	47.97	56.16	43.515	38.63	127.5	85.99	63.3
GTPBP3	4_OthertRNA	ENSG00000130299	13.42	10.26	15.875	14.34	13.19	10.68	16.57	6.206	5.013	4.9555	7.7575	8.653	4.929	9.039	5.878	4.401	7.319	6.0795	14.3	14.72	17.67	18.04	11.24	11.465	9.768	15	9.386	20.24	5.314	4.35	9.253	8.461	14.78	14.84	14.64	17.465	17.39	7.2835	14.43	17.64	5.247	21.26	21.22	12.53	19.7	10.835	5.903	18.315	17.91	17.56
CTU1	4_OthertRNA	ENSG00000142544	2.9725	4.998	4.0775	4.314	4.598	3.888	5.742	2.578	2.1435	2.9435	3.63	3.643	2.648	3.115	3.288	2.9135	3.185	2.4765	8.657	8.599	8.025	8.143	5.95	4.364	4.9235	6.195	5.296	9.03	2.435	1.615	3.535	2.833	4.662	4.246	3.795	5.393	11.91	2.75	5.348	7.3405	2.049	5.789	5.137	4.001	6.595	3.855	6.761	7.035	10.14	6.7
CDK5RAP1	4_OthertRNA	ENSG00000101391	24.8	19.81	17.28	21.26	22.08	23.43	25.93	11.96	10.455	14.08	16.355	16.23	11.75	13.9	15.16	11.98	14.98	11.45	33.57	34.39	30.85	28.5	23.99	20.1	21.97	18.42	21.415	27.78	12.82	10.99	13.65	11.97	27.05	26.43	21.65	35.235	28.4	9.4115	26.65	28.995	19.735	29.78	32.17	22.92	34.47	17.92	30.72	37.545	31.11	25.38
NFS1	4_OthertRNA	ENSG00000244005	13.96	12.41	30.495	12.6	13.11	13.7	18.21	15.37	11.615	15.315	20.04	21.77	11.3	15.18	16.99	12.99	14.48	13.865	23.52	24.345	15.88	18.69	15.45	13.855	14.95	12.85	16.055	15.61	9.747	12.63	16.02	14.4	11.78	14.21	13.89	17.765	20.41	6.2645	21.25	15.95	12.03	15.59	16.74	13.18	14.775	13.12	34.91	16.875	17.16	14.64
TP53RK	4_OthertRNA	ENSG00000172315	8.3665	9.637	9.401	11.32	11.08	9.228	15.04	4.266	4.15	4.153	4.4065	5.27	4.664	6.521	4.609	3.578	7.992	4.836	6.464	7.661	13.705	15.05	10.86	7.9295	11.15	11.53	11.04	14.14	4.185	3.037	5.303	4.844	10.3	10.295	10.71	11.415	11.53	3.751	12.1	14.205	4.632	14.44	13.57	9.29	12.215	8.515	22.72	11.83	13.4	11.69
MOCS3	4_OthertRNA	ENSG00000124217	4.399	3.921	6.6335	4.701	4.901	4.212	8.416	2.838	1.9735	2.534	3.9405	4.879	2.077	3.116	3.031	1.903	2.136	1.787	4.334	4.4485	4.8395	6.211	5.135	5.0625	5.9005	7.188	6.1865	7.779	1.686	1.965	2.455	3.42	3.867	5.0345	5.34	5.316	6.668	2.5085	4.836	5.2775	4.0255	6.401	7.246	5.705	8.235	4.717	26.35	5.671	7.139	5.279
MPST	4_OthertRNA	ENSG00000128309	48.3	48.91	43.935	42.18	39.38	42.59	65.33	11.23	12.96	16.665	11.07	10.89	12.05	12.34	11.07	17.115	24.54	16.73	9.521	6.9185	41.855	40.24	42.98	79.27	48.64	68.2	48.035	59.34	25.21	22.28	37.97	145	50.28	44.575	34.23	57.61	95.6	39.345	15.58	48.64	34.94	68.26	67.43	77	21.91	48.925	67.77	30.435	44.65	60.21
TRMU	4_OthertRNA	ENSG00000100416	11.5	9.722	11.23	12.31	12.15	11.02	13.02	7.647	6.7615	7.6775	10.395	10.62	7.557	9.795	9.187	7.139	11.51	9.4105	22.92	22.24	15.06	18.18	11.73	11.185	11.605	12.74	10.975	15.81	9.53	8.656	12.41	7.642	13.63	12.71	11.41	19.145	19.26	7.156	19.68	18.635	4.9085	13.99	14.15	12.6	17.325	10.495	13.6	19.425	17.6	15.65
HSD17B10	4_OthertRNA	ENSG00000072506	84.41	84.03	127.15	121	111.8	123	77.03	32.16	32.915	37.47	31.53	32.24	33.25	50.26	39.01	34.115	62.16	47.895	45.49	45.925	107.9	100.2	89.58	72.885	103	125.7	104.1	115.3	69.1	57.58	78.95	142.6	78.91	87.945	67.49	112.45	111.6	40.04	103.1	78.17	51.105	108.4	119.7	59.72	74.7	63.1	40.94	119	97.49	89.24
LAGE3	4_OthertRNA	ENSG00000196976	13.745	13.88	27.975	13.12	14.44	12.63	21.58	38.48	27.435	29.755	40.84	47.37	27.64	25.89	36.59	27.165	25.18	22.69	31.65	34.75	26.705	29.66	17.83	14.075	14.54	14.68	14.76	18.45	12.8	9.579	10.31	9.633	16.07	15.965	16.86	17.72	26.45	11.94	46.45	22.845	11.985	22.08	22.3	13.21	21.08	13.72	15.92	15.51	17.71	18.7
RBM15	5_Subunit	ENSG00000162775	4.8605	5.096	3.3265	3.63	3.575	3.831	4.254	1.259	1.1625	1.2895	1.4785	1.659	1.185	1.427	1.397	1.1155	1.97	1.237	4.56	4.087	3.204	4.28	3.368	3.6995	3.384	3.65	3.1575	5.147	2.457	1.791	1.926	2.488	6.413	4.6905	3.547	4.7505	5.082	1.57	2.827	3.198	4.323	3.882	3.397	4.894	7.059	3.476	12.17	4.46	4.26	3.572
RBM15B	5_Subunit	ENSG00000179837	26.84	22.13	17.615	28.32	25.54	31.2	33.15	11.73	9.689	10.28	13.465	15.16	9.825	11.08	12.53	8.6305	9.142	8.676	19.99	22.24	29.3	35.08	29.67	22.11	29.095	28.5	29.66	31.24	9.236	7.384	10.83	8.175	24.45	25.15	22.3	26.01	32.46	14.515	23.28	25.3	5.0885	27.44	28.69	22.09	22.925	21.465	30.28	27.4	38.95	23.63
METTL14	5_Subunit	ENSG00000145388	8.5265	6.528	6.3825	8.6	8.006	9.373	9.61	2.989	2.839	3.794	3.6065	4.2	2.844	3.982	4.127	3.1585	5.424	3.317	9.464	11.09	9.378	10.84	8.391	6.2495	7.711	5.931	7.5365	10.87	3.141	2.289	3.462	4.568	7.464	8.454	6.045	10.215	11.32	3.121	7.939	8.1975	2.707	7.941	8.56	7.301	8.0405	5.0555	14.65	9.4665	11.72	8.294
WTAP	5_Subunit	ENSG00000146457	45.025	45.36	28.81	38.28	37.59	40.37	40.45	13.52	11.93	13.155	13.605	16.6	11.28	16.6	14.91	10.44	18.66	14.525	27.65	36.535	45.77	49.07	30.48	26.625	32.455	30.99	30.65	46.02	15.14	10.2	19.9	11.66	45.54	45.875	33.16	45.11	50.38	14.68	34.8	44.225	34.605	40.11	39.27	30.07	43.95	23.265	28.65	45.44	50.87	42.21
CBLL1	5_Subunit	ENSG00000105879	12.97	10.89	8.3065	10.97	11.9	13.36	16.18	6.184	5.5865	7.0495	7.3175	9.721	6.049	6.57	7.298	5.4475	10.23	5.98	14.38	18.1	12.795	16.69	16.63	11.025	17.93	9.93	20.9	14.29	4.692	4.873	4.993	4.261	12.18	12.885	9.182	14.39	17.47	4.955	8.621	14.44	12.605	12.59	13.21	10.42	12.54	8.423	19.91	13.935	17.96	12.25
VIRMA	5_Subunit	ENSG00000164944	20.415	15.72	12.7	20.19	19.32	24.15	22.63	5.647	5.804	6.469	7.302	7.35	6.055	6.839	6.903	5.8575	10.24	6.4815	19.09	20.18	21.95	26.4	19.44	13.08	18.435	13.08	17.835	24	6.666	5.275	6.036	5.513	17.05	18.395	13.86	26.515	24.8	7.816	14.89	15.025	7.3075	16.02	17.11	15.02	16.785	13.635	27.59	18.34	27.3	18.4
TRMT112	5_Subunit	ENSG00000173113	124.5	120.6	179.95	164.1	150	166.7	132.8	74.51	59.19	59.125	68.755	88.36	58.43	97.45	70.28	52.995	88.41	67.995	94.13	111.95	192.25	177.1	128.8	81.25	127.9	113.2	113.3	158	52.8	35.52	79.25	50.84	128.6	128.7	81.74	154.2	242.9	43.86	182.6	134.95	51.58	112.2	113.6	80.98	144.8	74.39	157	156.8	195.7	148.9
ZC3H13	5_Subunit	ENSG00000123200	20.67	16.41	11.255	22.47	21.11	29.17	25	11.78	11.88	12.83	13.465	15.26	13.73	14.66	14.09	12.35	19.15	13.885	21.04	24.35	19.32	26.41	22.74	14.065	21.175	12.27	21.505	23.98	7.087	5.452	5.671	31.19	17.38	19.105	14.73	27.325	23.98	5.708	13.98	16.755	10.245	16.55	18.18	15.05	15.675	10.06	14.97	23.12	28.8	18.45
TRMT6	5_Subunit	ENSG00000089195	9.187	8.975	11.345	8.602	8.8	10.35	11.95	5.123	4.488	4.8515	6.3605	7.514	4.458	6.552	5.709	3.9215	6.858	4.8945	16.79	19.26	12.635	12.33	8.415	6.9215	7.956	10.3	8.288	13.37	5.638	3.425	5.203	3.045	8.935	9.138	8.449	10.775	10.36	4.5615	14.08	9.3355	10.9	10.03	10.59	7.97	11.165	6.3275	17.72	9.3335	11.17	9.94
WDR4	5_Subunit	ENSG00000160193	5.962	6.786	5.216	5.646	6.426	4.816	9.578	2.888	2.3885	2.873	3.5795	4.085	2.544	3.078	3.185	2.2995	4.117	2.5495	6.539	6.935	9.4405	10.14	5.06	5.2025	5.1995	10.22	5.44	9.673	2.48	1.855	3.702	3.45	7.279	7.588	6.404	8.089	9.827	3.833	5.45	7.4355	4.1245	7.745	8.186	5.529	8.9645	4.5545	9.836	9.3245	10.32	10.11
YTHDF2	6_Reader	ENSG00000198492	40.03	38.21	38.08	31.72	34.51	32.69	42.68	14.62	11.735	13.165	16.725	22.78	11.65	15.94	15.36	10.51	15.81	11.84	23.99	29.925	44.42	44.63	32.14	31.525	30.42	44	30.315	52.2	14.84	13.07	17.96	17.82	45.51	44.06	40.06	41.885	40.3	15.495	26.89	34.44	25.045	53.24	51.88	33.07	41.655	27.725	47.51	40.185	43.43	40.12
YTHDC1	6_Reader	ENSG00000083896	36.685	28.6	18.07	32.53	29.89	40.69	38.59	15.54	16.085	17.22	14.595	19.51	17.17	20.75	19.55	16.215	30.33	19.055	47.38	63.375	49.92	48.47	34.58	25.04	32.11	32.68	29.44	44.76	14.52	9.951	14.89	10.7	37.03	38.22	31.15	50.62	66.6	14.515	38.39	35.7	16.85	36.39	39.7	29.66	35.79	21.175	36.22	44.58	54.23	44.52
YTHDC2	6_Reader	ENSG00000047188	19.42	16.04	16.06	19.98	20.07	20.33	23.05	7.004	5.5255	7.176	9.1305	11.24	6.45	8.523	7.746	6.092	9.482	7.349	29.68	35.115	23.235	25.52	17.06	14.035	18.06	17.25	16.56	22.93	8.829	5.269	8.029	7.897	19.51	19.835	17.32	28.095	31.14	7.602	22.41	20.305	9.4975	18.84	20.03	18.37	22.4	11.9	25.71	26.715	27.84	23.25
HNRNPA2B1	6_Reader	ENSG00000122566	386	444.3	393.45	411.3	420.8	395.8	465.4	209.1	214.3	230.85	215.5	264.7	216.8	249	241.5	185.6	403	250.6	589.9	676.85	643.8	671.4	413.7	388.1	424.95	378.1	400.4	575.5	245.9	196.3	265.9	190.7	540.1	447.4	361	641.55	889.7	194.9	487.3	465.3	346.45	329.3	303.5	443.7	607.95	319.45	549.1	598.1	789.2	510.9
YTHDF3	6_Reader	ENSG00000185728	27.545	27.26	24.245	28.9	30.39	31.29	31.66	9.626	8.7425	10.95	9.6875	14.05	9.495	11.34	11.74	9.062	15.64	9.4595	18.84	24.395	27.96	36.83	26.35	23.12	26.255	21.4	25.85	34.05	14.81	12.38	11.83	15.58	29.86	24.975	22.52	33.655	35.61	9.2775	21.4	27.255	22.43	18.27	17.68	23.47	25.9	16.41	27.5	27.295	39.03	27.37
EIF3A	6_Reader	ENSG00000107581	106.7	95.65	72.675	90.56	89.31	124	131	27.99	29.55	32.1	28.98	39.97	31.34	36.64	35.15	27.2	64.56	38.775	52.95	74.435	106.8	107.2	99.69	81.315	95.31	101.8	101.3	105.4	45.58	36.25	30.24	26.71	92.58	96.05	94.51	100.55	105.1	75.42	49.03	71.165	138.15	111.5	117.4	78.04	67.235	87.485	84.04	91.695	115.7	105.3
HNRNPC	6_Reader	ENSG00000092199	91.78	103.5	95.155	100.2	98.53	103.5	119	55.5	59.65	58.8	46.075	64.07	58.11	67.27	66.9	46.795	99.13	62.435	76.36	105.55	148.25	151.6	94.06	82.115	90.785	101.4	83.925	132.2	48.99	31.69	59.08	45.26	116.1	109.5	78.75	124.7	177.5	39.445	100.9	101.05	45.64	98.29	92.09	85.6	122.1	65.7	86.19	104.2	150.1	122.1
YTHDF1	6_Reader	ENSG00000149658	36.615	36.22	29.78	39.67	38.66	36.07	37.11	22.59	20.48	22.93	24.89	30.09	19.95	25.4	25.89	18.325	26.31	22.615	58.77	66.83	41.35	47.16	37.54	30.87	37.15	29.87	35.2	47.52	16.48	13.4	22.5	21.18	48.84	39.075	32.11	42.955	43.34	15.685	55.73	42.58	35.065	39.37	39.7	34.32	46.08	30.26	40.46	61.865	50.41	36.51
ALKBH3	7_Eraser	ENSG00000166199	22.55	16	13.24	21.27	20.49	23.83	22.53	8.288	6.908	7.32	10.205	11.2	6.987	9.448	8.467	6.2985	12.72	8.7125	16.9	20.335	25.975	25.34	18.64	14.245	18.39	15.83	17.21	27.99	7.427	5.215	10.57	7.102	17.63	21.895	17.93	27.195	27.77	9.226	20	23.67	15.57	20.66	23.52	14.48	19.97	15.795	26.31	19.725	28.87	22.52
ALKBH2	7_Eraser	ENSG00000189046	18.965	14.37	10.16	13.61	15.17	15.49	16.79	7.554	7.1685	7.145	8.185	9.509	7.298	9.34	7.798	6.701	13.55	8.7845	10.42	11.795	20.345	17.83	14.34	9.837	13.1	12.67	12.73	22.6	5.947	3.897	6.574	10.69	11.91	20.025	12.17	24.815	22.72	6.859	9.352	14.745	8.6555	21.02	20.92	11.32	13.715	10.855	14.35	16.695	22.66	18.16
ALKBH1	7_Eraser	ENSG00000100601	11.11	8.215	7.3905	7.997	8.772	9.821	12.41	2.91	2.8885	3.4405	4.006	4.257	2.774	3.943	3.895	2.823	4.595	3.207	7.599	8.651	11.91	12.83	10.94	7.732	8.917	6.366	9.5735	10.6	4.955	5.254	4.926	3.739	8.58	11.02	7.276	13.625	12.26	3.051	8.1	10.73	7.3145	8.958	11.01	7.367	11.315	6.914	13.01	11.015	12.11	10.04
FTO	7_Eraser	ENSG00000140718	6.951	5.158	8.087	7.989	7.629	10.9	7.454	4.098	3.442	4.516	4.9325	6.487	3.574	5.664	5.817	2.8695	6.553	4.148	8.967	12.385	9.5265	10.81	5.572	2.9045	5.8305	2.606	6.1015	6.955	3.18	1.944	1.952	0.8842	5.799	7.0655	4.045	7.5475	6.899	1.4705	5.774	4.218	4.037	4.563	5.031	2.597	2.451	2.1435	2.263	6.2065	8.584	5.346
ALKBH5	7_Eraser	ENSG00000091542	75.28	65.23	73.235	110.2	92.84	119.3	102.3	57.57	50.07	57.725	67.535	77.64	48.15	65.05	69.16	46.1	56.65	49.815	101.1	112.1	98.51	122.6	128.5	64.555	112.15	50.39	113.6	122.4	82.71	74.45	55.14	42.78	78.41	70.51	66.66	91.605	92.4	30.165	122.9	102.6	166.15	58.79	64.89	63.37	81.19	55.81	183.3	95.465	125.9	80.38
JMJD6	7_Eraser	ENSG00000070495	13.515	17.22	13.005	23.62	19.82	25.11	20.56	6.874	5.8175	7.225	8.569	9.532	6.724	9.737	7.628	6.384	11.22	7.7545	27.91	33.17	14.395	16	24.25	13.83	23.995	9.92	23.465	18.47	16.54	12.74	7.605	5.558	19.13	14.01	10.28	17.415	20.4	5.631	18.51	17.23	17.58	10.37	10.42	11.01	17.43	10.545	20.54	14.52	18.78	15.69
