Symbol	Class	gene_id	Adipose	Adrenal	Artery	Bladder	Brain	Cerebellum	Cervix	Colon	Esophagus	FallopianTube	Heart	Kidney	Liver	Lung	Mammary	MinorSalivaryGland	NerveTibial	Ovary	Pancreas	Pituitary	Prostate	Skeletal_Muscle	Skin	Small_Intestine	Spleen	Stomach	Testis	Thyroid	Uterus	Vagina
NSUN4	1_Methylase	ENSG00000117481	6.521	8.8045	6.22433333333333	8.176	2.87295454545455	5.68425	8.15575	5.25825	5.74483333333333	7.526	2.8205	4.501	2.722	7.36	7.147	6.156	7.4005	8.643	2.9895	7.467	8.0745	3.784	6.026	4.963	6.5285	4.5985	80.43	9.0765	7.818	7.542
TYW3	1_Methylase	ENSG00000162623	12.7725	13.17	19.87	18.27	7.37495454545455	14.5725	18.625	14.546	16.2116666666667	19.61	7.1195	8.237	4.841	11.96	13.96	10.39	18.415	22.64	5.183	15.09	16.505	4.262	8.0925	9.281	11.96	8.849	11.93	17.38	23.33	14.43
TRMT13	1_Methylase	ENSG00000122435	10.7775	8.3715	9.749	12.34	4.7535	13.245	18.5475	11.318	9.64483333333333	15.84	4.9425	5.261	4.851	9.59	12.815	11.52	20.19	22.22	6.326	11.07	14.905	7.2775	10.0635	10.91	13.765	9.1135	10.26	18.3	19.81	15.27
HENMT1	1_Methylase	ENSG00000162639	4.72275	2.8495	3.59266666666667	6.133	8.10245454545455	6.07625	4.8405	4.1235	2.50266666666667	4.437	0.87	1.294	0.5983	5.665	5.634	3.661	5.0405	6.146	0.695	7.53	3.969	1.188	3.099	7.571	15.26	2.289	103.1	3.5685	3.898	3.043
TRMT1L	1_Methylase	ENSG00000121486	7.565	10.985	10.0996666666667	13.28	6.3105	13.175	10.2825	9.02275	8.94916666666667	11.71	5.8545	5.118	5.841	9.086	7.493	6.57	11.66	13	3.2195	11.6	8.1405	13.275	4.702	8.34	11.5	6.4435	36.23	10.11	11.96	9.012
TARBP1	1_Methylase	ENSG00000059588	11.8065	8.862	7.005	10.41	13.496	60.605	16.2675	11.8975	9.162	21.26	4.545	8.182	3.946	15.64	17.645	18.24	28.3	11.65	9.2525	32.48	20.49	6.9985	19.155	16.11	22.625	13.12	17.66	25.04	14.13	14.69
TFB2M	1_Methylase	ENSG00000162851	13.775	32.505	9.44966666666667	18.99	4.33872727272727	12.4	12	12.795	12.5916666666667	15.3	8.466	11.73	20.16	11.14	14.355	14.31	11.69	12.19	9.4835	12.87	12.98	16.76	14.38	11.6	13.025	12.72	17.51	19.235	12.41	12.39
TRMT61B	1_Methylase	ENSG00000171103	12.9625	16.945	13.6366666666667	18.06	7.11159090909091	20.35	18.3325	11.7975	12.6916666666667	16.11	8.533	7.669	5.19	10.64	15.415	12.84	16.275	18.34	4.1915	13.27	13.365	9.718	13.115	12.82	11.52	9.4765	12.02	15.73	18.78	14.27
THUMPD2	1_Methylase	ENSG00000138050	13.4375	7.4965	23.1866666666667	14.75	5.65609090909091	28.3775	20.7	11.69175	11.815	19.48	4.9275	6.304	4.015	13.5	17.63	13.05	21.045	29.95	4.8245	15.53	20.765	6.9645	17	10.59	12.91	8.2685	11.64	18.855	21.71	18.93
METTL5	1_Methylase	ENSG00000138382	38.3375	29.21	59.13	37.12	22.8804545454545	26.38	32.84	36.7825	38.215	33.12	21.165	20.08	12.99	25.14	36.84	22.21	39.755	26.67	18.45	31.1	30.925	22.955	24.12	23.04	23.45	25.22	24.95	32.275	34.04	31.12
METTL8	1_Methylase	ENSG00000123600	4.1115	3.559	3.83733333333333	5.152	3.15168181818182	3.329	5.29025	5.62625	6.09833333333333	4.625	1.3235	1.731	1.301	3.381	4.055	2.619	5.445	4.559	1.0595	1.983	4.83	1.651	8.6895	4.418	5.8635	1.7255	4.627	3.156	5.041	6.575
THUMPD3	1_Methylase	ENSG00000134077	13.11	14.945	14.47	19.56	8.62809090909091	13.96	18.355	13.25	13.8666666666667	17.17	8.869	9.033	7.035	13.87	14.325	14.61	17.81	14.81	6.099	18.45	15.95	11.945	14.09	12.26	11.905	10.175	54.72	18.47	16.42	14.51
METTL6	1_Methylase	ENSG00000206562	3.10275	2.94	3.36033333333333	3.531	4.35027272727273	8.497	5.40225	2.73425	2.649	3.888	1.16225	1.916	1.645	3.237	3.26	2.506	5.5295	5.432	1.1505	4.967	3.931	1.658	2.683	2.704	3.869	2.1985	12.05	4.087	4.798	3.864
NSUN3	1_Methylase	ENSG00000178694	4.0455	3.7605	4.80766666666667	5.271	2.32486363636364	2.77575	5.7945	4.07725	3.25616666666667	4.387	1.6685	1.973	2.048	5.123	4.393	3.773	5.938	5.646	2.058	4.248	4.802	0.81155	3.935	4.622	5.6355	3.673	7.512	5.1615	5.911	4.667
TRMT10C	1_Methylase	ENSG00000174173	17.745	20.92	14.6433333333333	19.3	9.57722727272727	15.6975	16.315	16.5675	18.0066666666667	25.04	11.9325	9.989	12.96	14.04	18.07	13.5	15.19	17.01	5.829	11.86	12.305	18.845	18.9	16.72	21.22	14.7	20.69	14.02	18.29	15.18
TRMT44	1_Methylase	ENSG00000155275	5.15075	2.833	4.72433333333333	6.786	1.91477272727273	7.74425	8.8225	4.26125	5.43133333333333	7.944	1.8605	1.985	1.863	4.821	6.3785	4.982	8.7685	14.49	2.018	4.071	6.227	2.2525	8.1855	3.763	3.799	3.4755	6.509	8.628	8.445	7.029
ZCCHC4	1_Methylase	ENSG00000168228	5.61875	4.351	5.53433333333333	7.408	2.05309090909091	5.9675	7.07725	4.77	4.4185	8.639	2.5415	2.504	1.806	5.392	6.19	4.726	8.0495	7.85	2.019	3.829	5.3045	3.764	5.0055	4.902	5.842	3.691	7.683	5.6765	8.578	6.166
NSUN7	1_Methylase	ENSG00000179299	0.788575	1.484	5.924	3.292	0.460077272727273	0.194375	2.5675	3.443	2.4625	6.614	1.0722	4.363	0.2903	5.916	3.2985	8.444	0.5768	5.349	5.1285	7.714	9.292	0.050755	2.412	3.543	4.5725	4.552	25.47	10.81	3.045	2.509
TRMT10A	1_Methylase	ENSG00000145331	2.79275	3.177	2.675	4.1	1.95681818181818	2.50325	2.74375	2.66175	2.85933333333333	2.951	1.053	1.877	2.775	2.567	2.9915	2.781	3.688	3.687	2.179	3.505	3.3115	1.5895	2.492	3.417	3.453	3.0305	9.102	4.211	2.892	2.651
NSUN2	1_Methylase	ENSG00000037474	40.03	31.12	41.25	45.52	15.8627272727273	44.2725	48.0575	40.2225	43.0533333333333	57.84	18.345	19.61	29.07	44.9	42.965	37.34	53.235	51.04	17.87	44.19	44.215	35.16	52.19	41.34	56.655	33.755	49.47	47.31	55.61	47.92
DIMT1	1_Methylase	ENSG00000086189	24.3925	13.895	28.7166666666667	25.79	14.8063636363636	16.335	31.865	17.1075	20.7266666666667	29.93	8.956	8.061	5.044	19.98	25.72	20.31	28.735	24.75	9.827	18.62	24.045	8.498	14.94	13.51	18.4	10.05	16.34	21.965	26.65	25
FBLL1	1_Methylase	ENSG00000188573	0.2342	1.113	0.223266666666667	0.198	24.2099090909091	37.275	0.449325	1.09505	0.411433333333333	0.6749	0.151905	0.3139	0.2745	0.1968	0.75685	0.8786	0.3503	1.218	0.4552	29.03	1.634	0.058875	0.57045	0.4715	0.31675	0.52845	13.68	0.37825	0.283	0.3649
CMTR1	1_Methylase	ENSG00000137200	28.4375	28.455	34.72	40.53	15.5059090909091	49.5225	44.7275	33.94	31.2833333333333	47.07	16.54	16.55	13.16	38.11	33.365	26.99	47.97	55.52	13.25	45.49	38.775	16.97	33.44	30.64	45.21	24.57	131.5	41.08	52.08	35.12
TRMT11	1_Methylase	ENSG00000066651	13.315	11.155	20.3	14.07	9.09068181818182	31.1925	18.4375	13.915	15.1783333333333	20.8	6.182	9.538	14.28	14.79	16.725	13.72	24.845	24.62	5.1885	29.74	19.45	5.2715	8.921	14.78	12.21	11.43	19.89	22.73	30.73	17.04
TFB1M	1_Methylase	ENSG00000029639	5.09875	15.305	7.656	9.467	3.51972727272727	6.534	8.16	6.828	7.0065	6.296	4.3785	4.549	6.353	6.373	6.1105	7.156	10.04	8.836	3.0875	9.249	7.181	6.4195	8.4065	6.322	9.913	5.4705	18.41	10.745	7.655	8.725
MRM2	1_Methylase	ENSG00000122687	13.5825	16.59	16.9433333333333	18.99	10.0976363636364	16.7025	17.685	15.0075	16.35	18.69	7.7515	9.631	8.282	16.23	14.995	14.01	18.54	18.37	5.582	15.48	17.2	11.895	17.765	14.11	23.665	11.17	20.42	18.18	19.9	16.1
NSUN5	1_Methylase	ENSG00000130305	18.1325	12.825	21.87	27.09	12.1690454545455	31.0525	27.4825	23.79	21.8816666666667	27.84	8.6125	12.62	9.003	22.38	21.06	19.54	29.6	22.28	14.01	21.11	26.205	19.42	25.03	22.56	37.395	17.35	36.97	25.385	31.14	22.93
BUD23	1_Methylase	ENSG00000071462	26.065	26.535	30.84	31.75	14.5736363636364	24.1175	37.4925	25.4525	24.8816666666667	35	20.585	17.81	12.64	30.82	30.18	28.38	33.295	35.26	13.57	36.74	30.85	32.88	28.485	21.56	30.34	22.18	113.4	38.205	38.09	27.43
METTL27	1_Methylase	ENSG00000165171	3.402	2.1465	2.792	4.508	1.11100454545455	3.57975	13.44875	2.85475	2.24983333333333	10.37	0.40715	6.702	1.163	3.917	4.951	5.311	5.2885	6.585	5.2115	6.575	9.97	0.3684	2.527	2.565	3.361	1.693	10.75	7.9145	10.11	5.608
MEPCE	1_Methylase	ENSG00000146834	37.7375	46.06	35.31	47.06	21.7818181818182	58.3175	47.2525	34.8725	36.6866666666667	64.02	13.01	27.78	19.9	39.25	37.055	34.16	51.12	64.87	12.69	38.28	43.295	24.185	44.98	36.38	83.375	25.67	159.3	69.315	56.17	37.43
METTL2B	1_Methylase	ENSG00000165055	6.98375	6.288	6.39033333333333	7.11	5.77163636363636	10.421	8.234	6.64475	6.73316666666667	8.562	3.6235	3.575	4.085	6.97	7.3055	6.052	8.797	8.493	3.248	7.537	7.2005	5.174	7.4755	5.741	6.8115	5.138	5.669	7.432	9.172	7.185
TRMT9B	1_Methylase	ENSG00000250305	1.19125	0.2632	3.307	1.853	2.60622727272727	99.37	1.78175	1.16635	2.53783333333333	1.691	3.299	2.908	1.218	2.663	3.0135	2.797	0.69575	0.5073	1.1495	2.1	1.834	0.45465	2.262	1.319	2.2315	0.7676	2.755	58.475	0.9737	1.289
TGS1	1_Methylase	ENSG00000137574	13.295	8.48	11.19	16.89	3.98463636363636	13.4025	15.995	10.926	11.625	18.22	3.882	5.107	4.039	13.32	14.035	10.61	15.29	18.27	4.206	11.29	12.835	7.465	14.055	11.71	14.88	8.0365	16.78	14.195	17.72	14.58
TRMT12	1_Methylase	ENSG00000183665	9.2375	8.1115	9.967	10.19	4.56340909090909	9.1135	10.97075	8.584	8.1025	13.19	4.382	5.637	3.203	9.226	10.1	8.654	10.61	8.407	3.549	9.142	9.7485	6.9615	8.662	7.472	9.5975	7.165	15.06	12.935	11.8	8.747
TRMT10B	1_Methylase	ENSG00000165275	11.82	11.395	15.74	19.5	8.26745454545455	20.6225	21.34	15.235	13.9923333333333	19.42	4.2445	7.414	5.449	12.95	14.445	11.87	23.615	25.53	6.4645	16.4	20.15	3.988	12.16	12.83	16.97	10.28	9.593	21.505	22.9	17.92
TRMO	1_Methylase	ENSG00000136932	6.72075	6.9005	4.515	6.199	3.52804545454545	4.68125	6.15425	4.981	5.12683333333333	7.069	2.1625	4.32	3.939	7.998	8.64	8.039	8.265	8.519	2.9975	7.612	8.5175	2.6675	8.2305	7.357	11.66	5.558	14.27	14.525	7.577	6.705
SPOUT1	1_Methylase	ENSG00000198917	15.79	11.625	21.7766666666667	26.79	13.5154545454545	41.185	26.9075	17.26	18.99	26.05	6.943	11.2	12.53	19.2	19.48	16.86	29.155	29.31	7.456	23.11	33.205	8.6345	20.5	17.06	26.56	16.125	17.43	27.145	32	24.52
TRDMT1	1_Methylase	ENSG00000107614	1.692	1.1525	2.72833333333333	1.459	0.912186363636364	4.38475	2.5855	1.2094	1.08273333333333	3.134	0.60895	0.7126	0.2328	1.767	1.965	1.244	4.563	3.879	0.65825	1.531	1.6415	0.54575	1.319	1.214	1.55	0.85975	1.722	3.289	3.073	1.572
NSUN6	1_Methylase	ENSG00000241058	11.285	15.9	9.89066666666667	28.34	12.3847272727273	26.0475	16.995	9.70825	8.903	18.82	6.2715	8.709	30.92	12.96	14.71	12.36	22.22	29.24	8.7345	34.22	22.14	3.428	12.095	11.78	18.56	10.455	42.89	28.105	18.01	15.81
RRP8	1_Methylase	ENSG00000132275	7.72425	5.2135	9.52266666666667	10.54	3.72609090909091	7.95925	10.47	11.315	8.85733333333333	10.13	3.8705	4.407	4.418	8.15	8.267	6.027	10.385	9.418	3.0115	6.388	11.335	3.732	8.336	6.964	9.201	5.9405	9.42	10.725	13.68	8.869
METTL15	1_Methylase	ENSG00000169519	4.52375	6.513	5.59933333333333	6.262	3.09609090909091	6.5765	5.8525	4.91525	4.22816666666667	6.225	2.5785	3.31	2.889	4.684	5.17	4.328	6.952	6.4	2.106	6.317	5.472	3.783	4.222	3.933	3.9475	3.2975	4.49	6.4715	5.889	5.259
ALKBH8	1_Methylase	ENSG00000137760	4.96475	3.2205	6.18033333333333	7.104	2.65904545454545	4.986	6.59275	4.25625	4.08116666666667	5.665	2.1905	2.21	1.947	4.039	5.396	4.161	7.11	5.801	1.697	3.349	4.8285	3.6685	4.892	4.156	5.1485	2.926	4.795	6.2465	7.11	5.653
NOP2	1_Methylase	ENSG00000111641	26.3775	18	18.1833333333333	22.95	10.0800909090909	25.33	23.5375	20.8775	22.8433333333333	41.47	8.223	13.5	12.12	27.84	24.565	22.62	26.63	25.68	9.885	26.27	33.66	22.89	27.07	24.57	39.595	17.92	38.76	35.175	33.52	26.91
EMG1	1_Methylase	ENSG00000126749	27.07	22.845	26.49	25.77	11.1454545454545	12.6225	33.39	19.955	24.075	31.65	13.85	14.25	10.99	29.16	30.71	21.65	30.5	29.09	9.178	21.32	26.235	15	25.17	19.92	28.335	17.25	21.62	33.285	32.47	26.92
BCDIN3D	1_Methylase	ENSG00000186666	4.57125	6.267	4.63266666666667	7.583	2.64386363636364	6.412	6.92725	5.31525	6.03666666666667	7.352	1.782	3.258	4.074	4.703	5.3295	6.358	6.7185	6.512	4.041	7.004	8.0365	2.366	5.6605	5.523	8.0245	5.9355	6.853	6.891	7.444	5.977
METTL1	1_Methylase	ENSG00000037897	11.13825	15.665	8.89666666666667	8.16	3.72781818181818	2.93275	10.394	6.95625	8.47233333333333	16.37	3.617	11.24	6.51	10.65	11.8	10.61	10.66	14.83	11.625	14.1	13.875	6.513	10.262	6.394	8.6745	7.4415	15	18.715	13.1	11.07
METTL17	1_Methylase	ENSG00000165792	36.9675	58.175	41.53	52.19	11.9391818181818	62.9725	63.7175	46.41	38.6316666666667	63.51	17.365	29.76	24.79	47.37	46.56	41.65	68.915	63.35	20.645	45.72	49.245	16.9	47.3	51.12	67.295	34.425	50.85	65.665	66.13	55.66
METTL3	1_Methylase	ENSG00000165819	41.1575	33.515	46.1066666666667	53.54	17.1245454545455	75.18	64.565	38.1325	37.6633333333333	70.4	16.84	25.65	15.09	57.92	55.525	46.19	74.29	80.49	20.6	54.31	65.67	19.71	44.67	42.8	62.28	29.965	65.46	83.035	77.93	56.73
TRMT5	1_Methylase	ENSG00000126814	7.008	5.903	6.25766666666667	7.948	3.55409090909091	7.95675	6.867	6.015	6.935	9.23	2.1525	3.4	2.866	5.34	7.5015	6.072	9.128	9.981	3.606	6.455	7.2175	3.7325	6.2865	4.679	5.498	4.569	18.79	7.482	8.58	6.257
TRMT61A	1_Methylase	ENSG00000166166	18.755	12.835	26.3166666666667	31.48	15.6718181818182	24.26	31.8575	33.67	33.6483333333333	46.8	5.3395	12.26	7.445	17.67	20.09	12.26	28.31	23.39	8.066	15.29	35.555	7.558	18.845	13.3	13.965	13.96	21.15	35.75	43.39	23.89
LCMT2	1_Methylase	ENSG00000168806	6.39225	8.1495	7.345	8.383	3.56418181818182	8.118	10.16125	5.984	7.98816666666667	11.95	3.105	3.862	3.098	5.659	6.9385	6.685	8.2745	8.551	2.9255	9.227	8.114	3.265	5.7075	6.964	8.821	6.2565	9.803	8.802	9.459	6.975
METTL9	1_Methylase	ENSG00000197006	48.6225	73.125	36.75	50.7	40.8090909090909	30.445	60.615	34.38	38.5783333333333	40.19	16.64	52.55	5.46	47.37	46.485	37.81	44.745	49.61	14.995	45.02	43.28	30.02	43.31	28.64	45.7	28.85	14.24	53.22	49.08	54.33
CMTR2	1_Methylase	ENSG00000180917	8.64075	10.73	6.49833333333333	9.2	2.99504545454545	4.00625	9.83875	8.215	10.0686666666667	9.465	3.1435	6.118	7.072	10.47	10.17	11.52	10.365	10.22	4.4125	12.43	12.075	3.307	7.3245	13.09	15.2	6.331	17.93	15.545	10.68	11.91
MRM3	1_Methylase	ENSG00000171861	15.895	19.28	14.7366666666667	19.55	7.97436363636364	14.2725	15.06	16.15	19.2716666666667	17.25	12.2	11.68	14.63	13.89	17.045	13.96	17.885	16.89	13.28	12.96	15.845	22.055	23.97	13.7	19.325	18.105	44.56	16.97	17.69	14.9
METTL16	1_Methylase	ENSG00000127804	8.5845	8.5325	11.63	13.32	4.766	9.3975	17.2075	9.387	9.703	13.88	4.09	4.515	2.667	9.74	10.065	7.766	13.315	18.43	3.809	11.43	11.22	4.721	10.89	6.887	8.0415	5.308	11.5	13.84	16.95	11
MRM1	1_Methylase	ENSG00000129282	6.028	9.1365	7.007	13.84	4.45654545454545	4.58925	10.15875	8.1735	7.43816666666667	9.053	4.5555	5.471	4.993	6.22	7.669	7.476	11.41	12.32	4.227	6.051	10.105	6.009	6.0705	9.655	11.225	6.2	5.833	10.22	10.59	9.214
METTL2A	1_Methylase	ENSG00000087995	7.18075	7.9935	7.93066666666667	7.733	5.01577272727273	7.85175	8.0395	7.54875	7.94666666666667	9.585	4.7745	4.552	4.686	7.692	7.3945	7.276	8.819	8.028	3.902	6.279	7.711	5.193	8.2285	6.329	6.5455	6.3695	10.23	8.0445	8.938	8.016
FTSJ3	1_Methylase	ENSG00000108592	37.68	33.54	37.7733333333333	42.91	12.3722727272727	28.6375	53.7575	36.2225	38.1833333333333	49.97	18.02	24.09	14.33	35.69	37.53	32.58	50.335	53.55	12.39	27.83	43.27	23.815	43.075	32.19	43.95	25.6	41.02	45.44	52.72	40.97
METTL4	1_Methylase	ENSG00000101574	6.85875	3.948	5.88133333333333	8.02	3.62886363636364	7.35025	10.64025	5.74225	5.3825	7.755	2.504	3.555	2.1	6.011	6.716	5.764	8.2405	9.53	1.8075	6.367	8.1395	1.7735	4.44	7.077	11.28	4.4445	8.307	9.53	11.01	9.975
RNMT	1_Methylase	ENSG00000101654	15.9925	11.035	18.3166666666667	21.16	12.2964545454545	25.66	20.465	14.96	16.8416666666667	22.97	10.039	7.985	6.262	17.24	17.755	15.91	23.945	28.69	7.394	22.36	19.12	11.715	19.95	14.21	16.44	11.805	19.11	24.41	24	18.07
TRMT1	1_Methylase	ENSG00000104907	36.745	26.6	31.4	41.86	21.8945454545455	46.6125	52.725	33.0375	32.3516666666667	56.09	12.62	23.37	17.48	39.7	41.555	29.07	52.84	62.49	18.455	38.07	54.74	19.535	35.605	33.81	67.245	26.21	38.18	48.525	63.45	45.45
FBL	1_Methylase	ENSG00000105202	141.8	81.14	122.266666666667	144.1	41.2495454545455	72.9175	237.425	108.875	129.908333333333	193.9	35.98	57.72	36.49	119.3	187.25	118.2	161.2	376.9	77.895	95.07	142.05	60.525	244.5	105.9	159.4	92.41	164.8	142.8	248.4	210.5
PCIF1	1_Methylase	ENSG00000100982	44.98	36.025	64.81	54.38	19.9945454545455	83.6225	81.3525	46.545	51.3633333333333	82.18	21.285	21.61	12.05	58.11	56.22	36.34	74.005	89.59	19.115	52.57	51.93	31.815	58.205	41.6	62.745	30.07	41.17	72.21	100.6	58.2
TRMT2A	1_Methylase	ENSG00000099899	28.64	33.5	29.2766666666667	32.65	16.5818181818182	48.01	41.335	26.9	26.48	42.39	9.7895	19.97	21.8	31.26	34.07	29.61	44.235	41.11	16.905	50.77	46.18	12.52	29.355	28.23	58.055	25.315	62.03	48.185	41.48	33.01
FTSJ1	1_Methylase	ENSG00000068438	26.46	22.195	29.6833333333333	23.12	12.5263636363636	32.7375	35.275	17.9525	21.6383333333333	33.14	9.335	10.67	8.183	29.62	28.005	24.97	34.67	32.73	14.255	28.82	24.03	11.03	25.425	18.14	30.225	17.56	24.49	33.715	34.45	30.02
TRMT2B	1_Methylase	ENSG00000188917	7.8605	8.374	8.924	10.55	3.46186363636364	2.7665	11.8725	8.745	8.2765	9.704	5.979	7.693	3.758	11.6	9.0585	12.17	9.617	12.78	3.8615	10.27	11.19	6.936	9.6375	11.33	17.025	8.751	4.846	15.02	10.57	10.8
ADAR	2_Deaminase	ENSG00000160710	77.7725	71.805	91.0033333333333	88.92	55.3590909090909	112.675	124.775	75.68	73.565	115.4	26.365	49.98	41.18	115.3	83.625	65.21	112.75	121.2	30.31	113.7	92.045	15.305	72.245	88.92	136.2	54.81	74.33	100.8	133.1	86.11
ADAD1	2_Deaminase	ENSG00000164113	0	0	0	0.03261	0	0	0.005575	0	0	0	0	0	0	0	0	0	0	0.0188	0	0	0	0	0	0.008424	0	0	139.1	0	0	0
ADAT2	2_Deaminase	ENSG00000189007	5.39425	5.0375	3.95066666666667	4.407	1.57463636363636	7.14	5.444	4.81025	5.51933333333333	7.142	1.1206	3.031	3.51	7.99	5.9285	4.674	11.3	6.182	3.476	5.879	6.5525	1.1315	7.0345	6.497	8.5695	5.5	2.997	9.278	6.689	7.215
ADARB2	2_Deaminase	ENSG00000185736	0.111775	0.1925	0.111293333333333	0.6167	5.03827272727273	2.3595	0.838075	1.05905	0.69765	0.6335	0.095365	0.2402	0.04991	0.7361	0.2481	1.454	3.285	0.145	0.73725	0.4207	0.45425	0.026385	0.18845	0.585	0.19715	0.3342	2.604	0.1254	0.18	0.3126
APOBEC1	2_Deaminase	ENSG00000111701	0	0	0	0	0	0	0	0.464925	0	0	0	0	0	0	0	0	0	0	0	0	0	0	0	26.96	0	0.1035	0.1468	0	0	0
ADAT1	2_Deaminase	ENSG00000065457	6.916	6.874	7.43166666666667	8.698	3.38472727272727	4.9435	8.096	5.156	4.7605	8.216	2.2115	4.531	2.749	7.845	7.404	5.756	8.0165	6.629	2.7045	6.455	7.4925	2.254	6.3775	5.968	8.96	4.375	22.8	8.867	9.192	6.882
ADAD2	2_Deaminase	ENSG00000140955	0.937575	0.49745	0.112046666666667	0.9307	0.98055	0.141025	1.0243	0.325525	1.32691666666667	0.695	0.2757	0.2495	0.05499	0.1956	1.0135	0.5566	0.7581	0.6957	0.1456	0.2555	1.7105	0.1172	1.311	0.7738	8.4385	0.2886	165.8	0.35325	1.244	1.985
ADAT3	2_Deaminase	ENSG00000213638	3.34375	4.6935	3.068	4.367	1.69048181818182	5.3865	6.7115	5.17825	5.34366666666667	6.233	1.348	5.162	2.386	5.198	4.1155	8.205	3.298	4.813	2.7265	4.586	8.586	0.9741	13.525	6.128	7.84	3.956	4.854	6.979	5.457	6.951
ADARB1	2_Deaminase	ENSG00000197381	13.1	5.4695	75.5	58.66	7.54854545454545	55.845	17.42	21.795	46.8466666666667	16.85	3.833	4.006	2.589	40.66	11.36	6.66	14.86	8.213	2.419	6.379	17.455	5.4105	13.585	7.613	15.44	6.742	7.258	7.877	25.61	10.24
APOBEC3A	2_Deaminase	ENSG00000128383	1.680175	0.1705	0.454166666666667	0.5153	0.176663636363636	0.11702	0.519625	0.459525	0.857566666666667	0.6572	0.458	0.3772	0.8332	16.65	0.7424	0.7778	0.2886	0.2987	0.13325	0.3797	0.4549	0.16955	0.22015	0.5881	53.235	0.31075	0.2656	1.5205	0.4731	3.789
APOBEC3G	2_Deaminase	ENSG00000239713	6.63025	11.035	5.36666666666667	17.45	1.88859090909091	0.979725	12.62	6.32925	4.61783333333333	11.63	1.8855	3.18	1.688	12.65	7.559	6.055	12.59	24.3	1.044	5.672	11.73	0.54385	2.1965	9.464	43.91	4.0095	33.56	8.4635	14.2	10.72
PUSL1	3_Pseudouridylase	ENSG00000169972	12.85	17.52	13.2066666666667	23.91	8.46845454545455	20.255	27.315	13.6225	19.3416666666667	22.38	7.065	9.544	8.777	16.32	15.695	20.67	15.2	17.92	9.585	28.36	21.66	5.609	29.605	13.43	17.55	13.945	24.18	16.37	25.39	24.27
PUS10	3_Pseudouridylase	ENSG00000162927	2.66925	2.9225	2.531	3.129	1.32227727272727	2.38225	3.01525	2.07525	2.13983333333333	2.73	0.88755	1.773	3.836	4.007	3.018	2.677	3.359	4.133	1.584	3.891	2.843	1.177	2.436	3.757	3.3415	1.707	3.862	6.6785	3.502	3.055
RPUSD3	3_Pseudouridylase	ENSG00000156990	14.7675	20.255	18.1733333333333	23.65	13.3873181818182	26.1825	20.305	18.475	20.9266666666667	21.76	11.69	12.69	9.669	16.68	16.795	14.78	21.56	19.46	7.8035	19.78	20.09	22.285	19.875	14.85	18.845	13.475	55.06	17.845	23.77	20.06
PUS7	3_Pseudouridylase	ENSG00000091127	10.8295	4.7135	9.064	8.255	3.52272727272727	11.0675	11.6275	5.68025	7.6695	10.59	2.9165	3.372	4.066	8.537	10.65	7.455	10.735	8.305	4.0275	5.084	8.069	7.474	11.38	4.926	4.585	5.045	5.818	11.62	11.55	10.93
TRUB2	3_Pseudouridylase	ENSG00000167112	18.4275	35.045	16.57	24.26	25.3531818181818	29.95	24.1125	17.1925	19.6133333333333	23.54	16.435	19.29	20.88	16.45	21.47	20.04	21.71	19.89	9.425	35.44	21.06	14.445	22.785	16.7	18.715	17.595	21.35	24.2	20.63	21.15
TRUB1	3_Pseudouridylase	ENSG00000165832	8.136	25.64	8.39666666666667	10.12	8.68077272727273	10.1395	10.967	7.557	7.49066666666667	11.45	4.605	6.379	4.704	6.301	9.011	9.241	9.421	15.57	3.589	10.09	9.0825	3.9865	6.901	6.581	7.232	5.762	17.58	11.135	13.83	10.44
PUS3	3_Pseudouridylase	ENSG00000110060	9.63425	9.7325	8.696	11.01	4.76059090909091	8.2885	10.3695	10.07175	8.94816666666667	11.28	3.78	5.676	14.24	9.423	9.9135	9.174	9.3085	10.65	10.115	12.98	9.9435	9.4095	10.22	7.693	10.33	10.375	9.511	10.41	12.29	9.646
RPUSD4	3_Pseudouridylase	ENSG00000165526	24.4	17.38	20.1933333333333	24.64	10.0518181818182	25.31	29.36	18.7725	18.0966666666667	26.65	15.015	12.44	13.82	19.64	25.05	20.97	27.835	36.64	19.02	16.94	22	79.12	26.01	17.49	25.055	24.065	20.01	21.76	32.02	25.36
PUS7L	3_Pseudouridylase	ENSG00000129317	2.6885	2.5185	2.82866666666667	3.479	2.69759090909091	7.869	4.1665	2.4265	2.8245	3.138	1.24305	1.269	1.294	2.37	2.897	3.513	3.691	5.258	1.8365	6.419	3.6205	1.2225	2.311	2.378	2.609	2.188	2.974	4.37	4.72	4.602
PUS1	3_Pseudouridylase	ENSG00000177192	12.8425	13.85	9.98533333333333	13.99	8.22613636363636	13.175	13.0875	12.4225	15.1366666666667	21.75	3.982	8.95	11.35	13.4	13.59	11.02	14.09	13.58	7.738	12.71	17.305	6.387	16.075	15.2	23.24	10.76	21.13	15.845	15.93	15.01
RPUSD2	3_Pseudouridylase	ENSG00000166133	6.16825	8.893	7.58733333333333	10.19	5.44068181818182	8.24	8.67225	9.33225	10.1966666666667	12.05	4.5265	4.787	5.393	6.652	7.652	7.56	8.8805	10.6	2.9855	8.786	8.8185	6.688	11.13	8.772	11.805	6.634	12.47	9.0415	12.4	7.997
RPUSD1	3_Pseudouridylase	ENSG00000007376	13.5625	12.435	15.34	18.99	13.2256363636364	23.805	19.05	16.1675	15.7083333333333	18.75	5.601	10.57	7.427	15.59	16.085	17.32	17.305	14.11	7.9625	15.95	22.32	5.555	21.45	18.05	29.385	16.345	12.28	18.37	19.23	16.66
DKC1	3_Pseudouridylase	ENSG00000130826	30.1975	24.72	27.7466666666667	33.3	14.7395454545455	33.2325	38.23	25.895	31.0283333333333	42.11	11.8	13.77	11.21	29.7	37.32	31.32	32.84	46.81	20.57	31.02	32.465	20.155	43.85	28.5	43.5	23.14	48.05	45.325	41.5	40.65
YRDC	4_OthertRNA	ENSG00000196449	19.8025	15.16	16.1166666666667	19.95	11.0675454545455	23.325	17.2075	15.605	19.65	26.91	5.752	13.62	11.79	22.57	20.415	19.09	18.33	17.49	12.37	26.3	18.29	7.798	30.275	16.89	21.51	16.435	49.07	18.695	18.9	21.58
TRIT1	4_OthertRNA	ENSG00000043514	13.7475	10.845	15.2833333333333	30.8	8.20640909090909	25.7475	25.08	17.6325	20.4283333333333	21.39	9.753	10.42	7.206	16.38	18.265	19.23	25.19	26.35	12.575	26.26	32.575	6.146	30.505	14.69	18.575	13.435	24.08	32.935	33.91	28.09
TPRKB	4_OthertRNA	ENSG00000144034	21.36	15.74	22.7166666666667	25.2	12.1179545454545	30.855	30.52	19.965	21.3416666666667	40.69	13.535	15.3	9.255	18.39	24.89	20.54	25.325	40.24	10.735	17.4	26.95	21.705	17.805	18.52	24.04	17.825	48.29	20.42	32.54	28.41
CIAO1	4_OthertRNA	ENSG00000144021	48.355	63.845	44.3333333333333	53.86	26.4486363636364	47.2725	54.3075	38.6725	39.8466666666667	51.1	21.56	32.9	28.4	47.91	47.935	42.46	52.89	47.04	22.515	45.85	41.245	26.485	40.735	40.54	53.785	34.025	53.88	48.1	51.46	45.87
OSGEPL1	4_OthertRNA	ENSG00000128694	5.525	11.975	6.29333333333333	8.682	4.73	12.72	8.8395	5.749	4.9795	9.142	3.98	4.07	3.441	6.057	6.3115	5.543	10.25	13.34	2.5365	7.516	7.0665	4.3175	5.2065	5.546	9.5405	4.378	12.51	8.58	11.42	7.068
WDR6	4_OthertRNA	ENSG00000178252	56.5475	118	89.2466666666667	149.2	34.7836363636364	107.305	186.975	109.0475	90.2466666666667	163.8	32.885	70.28	35.23	94.65	73.075	97.52	96.615	287.9	57.44	239.6	169.1	32.5	39.465	97.14	116.75	72.85	86.33	251.05	211.8	111.7
THG1L	4_OthertRNA	ENSG00000113272	7.21925	8.2475	7.99433333333333	15.74	2.30436363636364	3.62075	12.6475	11.735	9.54066666666667	11.07	2.7505	3.734	2.99	7.396	7.885	5.99	8.996	12.63	4.0655	7.31	9.489	3.444	8.0235	7.861	7.0305	8.07	12.3	10.855	14.19	9.987
CDKAL1	4_OthertRNA	ENSG00000145996	8.54525	4.9395	9.075	10.01	2.93127272727273	5.818	12.235	7.18875	6.96316666666667	11.62	2.933	3.686	2.458	9.339	9.932	7.662	11.3	13.02	3.659	6.339	8.0775	6.2565	9.8025	6.733	8.5845	5.619	9.794	11.06	12.48	9.238
MTO1	4_OthertRNA	ENSG00000135297	4.578	3.5355	4.94833333333333	6.396	2.30122727272727	6.68325	7.54475	4.865	4.78933333333333	6.281	2.399	3.268	4.6	4.713	5.041	4.077	8.0035	7.384	1.828	5.078	5.5715	3.169	4.2485	5.306	7.984	3.5045	6.727	6.682	7.146	5.918
ELP3	4_OthertRNA	ENSG00000134014	13.6925	13.165	15.01	17.76	12.0597727272727	21.9125	18.2125	14.13	13.95	18.72	7.4465	9.426	8.081	14.04	14.035	10.55	18.415	18.98	4.9725	14.68	15.355	14.53	12.795	11.96	16.015	9.1255	17.36	16.815	20.44	14.35
ELP1	4_OthertRNA	ENSG00000070061	19.545	76.56	25.0933333333333	26.61	16.2240909090909	74.14	38.945	21.6925	21.985	34.25	12.605	12.43	11.71	26.29	22.025	19.31	39.245	55.59	11.285	58.79	28.35	10.625	20.76	20.53	25.48	17.2	24.71	37.1	40.59	28.59
SERGEF	4_OthertRNA	ENSG00000129158	10.4205	9.4785	26.0966666666667	14.05	22.1377272727273	36.7	14.835	12.892	13.4023333333333	10.41	5.124	8.083	3.993	11.09	12.045	9.093	16.3	22.12	6.188	29.1	16.345	6.1635	12.615	8.438	9.598	8.759	10.25	23.815	17.63	14.04
ELP4	4_OthertRNA	ENSG00000109911	9.50475	8.9215	11.7466666666667	11.69	7.25904545454546	17.9125	12.565	8.84	10.0633333333333	11.94	4.879	6.086	3.869	8.898	9.8385	6.859	12.57	10.22	5.257	7.234	7.2105	5.0735	10.32	7.102	7.873	6.2305	12.17	8.6215	12.12	10.76
NAT10	4_OthertRNA	ENSG00000135372	23.0675	20.925	20.86	26.44	12.3712272727273	27.47	29.4275	19.1625	21.435	31.95	8.234	11.13	8.426	21.66	27.35	20.19	33.145	36.1	11.285	21.89	26.18	13.14	33.175	18.53	27.15	15.995	34.14	27.38	34.14	28.13
ISCU	4_OthertRNA	ENSG00000136003	125.575	227.65	206.366666666667	141.1	103.77	113.25	171.375	128.85	111.61	132.9	133.85	134.3	34.86	119.9	126.4	76.83	147.05	151	30.93	188.5	120.4	127.8	77.74	91.25	129	80.47	127.3	157.95	151.9	102.8
OSGEP	4_OthertRNA	ENSG00000092094	17.0125	16.07	20.9933333333333	26.7	15.8709090909091	76.61	35.8375	22.6125	17.0466666666667	35.39	8.422	12.95	9.594	24.58	21.315	17.32	36.22	40.46	10.055	48.68	31.41	8.004	18.61	25.12	44.37	16.56	14.67	44.57	36.95	26.13
NUBP1	4_OthertRNA	ENSG00000103274	22.4525	35.55	27.5466666666667	32.11	7.33163636363636	14.5625	26.52	23.32	23.05	32.15	19.205	16.62	10.53	23.28	23.7	17.75	22.77	28.15	13.03	17.75	22.59	16.395	14.96	20.43	29.91	21.765	23.22	28.53	26.57	19.59
THUMPD1	4_OthertRNA	ENSG00000066654	21.8225	21.545	30.2933333333333	42.14	11.5815909090909	27.86	41.7125	29.0475	27.9983333333333	44.42	7.423	15.36	9.644	26.61	25.795	22.83	25.895	46.14	12.25	24.68	46.895	11.435	22.53	24.02	25.66	24.785	32.66	34.395	50.17	34.1
DUS2	4_OthertRNA	ENSG00000167264	7.10225	6.746	6.522	10.37	4.37827272727273	7.90425	8.376	6.9665	8.637	7.796	2.955	4.372	4.32	10.06	8.061	6.529	9.264	7.918	2.0855	6.855	8.02	3.874	12.715	8.269	18.855	5.741	48.58	8.6785	9.099	10.55
CTU2	4_OthertRNA	ENSG00000174177	12.1075	9.28	14.8466666666667	13.44	9.73790909090909	15.865	15.9125	11.53325	12.0496666666667	18.83	5.872	6.268	6.063	12.31	12.635	9.427	17.72	16.33	5.95	16.03	13.115	10.255	11.165	9.165	13.17	9.2225	19.17	17.67	19.29	11.97
ELP5	4_OthertRNA	ENSG00000170291	24.4675	31.26	23.8166666666667	28.88	20.6390909090909	40.455	29.9825	28.165	24.66	34.07	17.615	21.76	18.7	25.24	25.315	21.41	29.35	34.82	9.536	39.53	35.585	18.08	17.67	25.39	32.635	17.89	185.6	35.315	37.1	25.51
QTRT1	4_OthertRNA	ENSG00000213339	48.635	56.595	47.36	58.99	47.1586363636364	117.325	80.8375	55.7325	46.91	79.49	19.09	55.6	36.28	44.16	62.69	50.78	94.435	104	64.785	89.59	91.62	19.885	55.135	47.97	56.16	43.515	38.63	127.5	85.99	63.3
GTPBP3	4_OthertRNA	ENSG00000130299	11.84	15.875	12.7366666666667	16.57	6.38459090909091	14.51	17.855	11.3525	11.3846666666667	20.24	4.832	9.253	8.461	14.78	14.84	14.64	17.465	17.39	7.2835	14.43	17.64	5.247	21.24	12.53	19.7	10.835	5.903	18.315	17.91	17.56
CTU1	4_OthertRNA	ENSG00000142544	3.98525	4.0775	4.26666666666667	5.742	2.96036363636364	8.628	8.084	5.157	5.4715	9.03	2.025	3.535	2.833	4.662	4.246	3.795	5.393	11.91	2.75	5.348	7.3405	2.049	5.463	4.001	6.595	3.855	6.761	7.035	10.14	6.7
CDK5RAP1	4_OthertRNA	ENSG00000101391	22.305	17.28	22.2566666666667	25.93	13.4818181818182	33.98	29.675	22.045	20.6016666666667	27.78	11.905	13.65	11.97	27.05	26.43	21.65	35.235	28.4	9.4115	26.65	28.995	19.735	30.975	22.92	34.47	17.92	30.72	37.545	31.11	25.38
NFS1	4_OthertRNA	ENSG00000244005	13.185	30.495	13.1366666666667	18.21	15.3559090909091	23.9325	17.285	14.6525	14.6183333333333	15.61	11.1885	16.02	14.4	11.78	14.21	13.89	17.765	20.41	6.2645	21.25	15.95	12.03	16.165	13.18	14.775	13.12	34.91	16.875	17.16	14.64
TP53RK	4_OthertRNA	ENSG00000172315	9.00175	9.401	10.5426666666667	15.04	4.94959090909091	7.0625	14.3775	9.39475	11.24	14.14	3.611	5.303	4.844	10.3	10.295	10.71	11.415	11.53	3.751	12.1	14.205	4.632	14.005	9.29	12.215	8.515	22.72	11.83	13.4	11.69
MOCS3	4_OthertRNA	ENSG00000124217	4.16	6.6335	4.60466666666667	8.416	2.74681818181818	4.39125	5.52525	5.09875	6.425	7.779	1.8255	2.455	3.42	3.867	5.0345	5.34	5.316	6.668	2.5085	4.836	5.2775	4.0255	6.8235	5.705	8.235	4.717	26.35	5.671	7.139	5.279
MPST	4_OthertRNA	ENSG00000128309	48.605	43.935	41.3833333333333	65.33	14.2418181818182	8.21975	41.0475	61.125	54.9583333333333	59.34	23.745	37.97	145	50.28	44.575	34.23	57.61	95.6	39.345	15.58	48.64	34.94	67.845	77	21.91	48.925	67.77	30.435	44.65	60.21
TRMU	4_OthertRNA	ENSG00000100416	10.611	11.23	11.8266666666667	13.02	8.88177272727273	22.58	16.62	11.4575	11.7733333333333	15.81	9.093	12.41	7.642	13.63	12.71	11.41	19.145	19.26	7.156	19.68	18.635	4.9085	14.07	12.6	17.325	10.495	13.6	19.425	17.6	15.65
HSD17B10	4_OthertRNA	ENSG00000072506	84.22	127.15	118.6	77.03	39.3640909090909	45.7075	104.05	81.2325	110.933333333333	115.3	63.34	78.95	142.6	78.91	87.945	67.49	112.45	111.6	40.04	103.1	78.17	51.105	114.05	59.72	74.7	63.1	40.94	119	97.49	89.24
LAGE3	4_OthertRNA	ENSG00000196976	13.8125	27.975	13.3966666666667	21.58	31.7304545454545	33.2	28.1825	15.9525	14.66	18.45	11.1895	10.31	9.633	16.07	15.965	16.86	17.72	26.45	11.94	46.45	22.845	11.985	22.19	13.21	21.08	13.72	15.92	15.51	17.71	18.7
RBM15	5_Subunit	ENSG00000162775	4.97825	3.3265	3.67866666666667	4.254	1.38	4.3235	3.742	3.53375	3.39716666666667	5.147	2.124	1.926	2.488	6.413	4.6905	3.547	4.7505	5.082	1.57	2.827	3.198	4.323	3.6395	4.894	7.059	3.476	12.17	4.46	4.26	3.572
RBM15B	5_Subunit	ENSG00000179837	24.485	17.615	28.3533333333333	33.15	10.9279545454545	21.115	32.19	25.89	29.085	31.24	8.31	10.83	8.175	24.45	25.15	22.3	26.01	32.46	14.515	23.28	25.3	5.0885	28.065	22.09	22.925	21.465	30.28	27.4	38.95	23.63
METTL14	5_Subunit	ENSG00000145388	7.52725	6.3825	8.65966666666667	9.61	3.66190909090909	10.277	10.109	7.32025	7.0595	10.87	2.715	3.462	4.568	7.464	8.454	6.045	10.215	11.32	3.121	7.939	8.1975	2.707	8.2505	7.301	8.0405	5.0555	14.65	9.4665	11.72	8.294
WTAP	5_Subunit	ENSG00000146457	45.1925	28.81	38.7466666666667	40.45	14.1113636363636	32.0925	47.42	28.5525	31.365	46.02	12.67	19.9	11.66	45.54	45.875	33.16	45.11	50.38	14.68	34.8	44.225	34.605	39.69	30.07	43.95	23.265	28.65	45.44	50.87	42.21
CBLL1	5_Subunit	ENSG00000105879	11.93	8.3065	12.0766666666667	16.18	7.03936363636364	16.24	14.7425	13.8275	16.2533333333333	14.29	4.7825	4.993	4.261	12.18	12.885	9.182	14.39	17.47	4.955	8.621	14.44	12.605	12.9	10.42	12.54	8.423	19.91	13.935	17.96	12.25
VIRMA	5_Subunit	ENSG00000164944	18.0675	12.7	21.22	22.63	6.81345454545455	19.635	24.175	16.26	16.45	24	5.9705	6.036	5.513	17.05	18.395	13.86	26.515	24.8	7.816	14.89	15.025	7.3075	16.565	15.02	16.785	13.635	27.59	18.34	27.3	18.4
TRMT112	5_Subunit	ENSG00000173113	122.55	179.95	160.266666666667	132.8	71.4090909090909	103.04	184.675	105.025	118.133333333333	158	44.16	79.25	50.84	128.6	128.7	81.74	154.2	242.9	43.86	182.6	134.95	51.58	112.9	80.98	144.8	74.39	157	156.8	195.7	148.9
ZC3H13	5_Subunit	ENSG00000123200	18.54	11.255	24.25	25	13.9163636363636	22.695	22.865	18.4025	18.3166666666667	23.98	6.2695	5.671	31.19	17.38	19.105	14.73	27.325	23.98	5.708	13.98	16.755	10.245	17.365	15.05	15.675	10.06	14.97	23.12	28.8	18.45
TRMT6	5_Subunit	ENSG00000089195	9.081	11.345	9.25066666666667	11.95	5.52090909090909	18.025	12.4825	7.66825	8.848	13.37	4.5315	5.203	3.045	8.935	9.138	8.449	10.775	10.36	4.5615	14.08	9.3355	10.9	10.31	7.97	11.165	6.3275	17.72	9.3335	11.17	9.94
WDR4	5_Subunit	ENSG00000160193	6.374	5.216	5.62933333333333	9.578	3.05336363636364	6.737	9.79025	5.13125	6.95316666666667	9.673	2.1675	3.702	3.45	7.279	7.588	6.404	8.089	9.827	3.833	5.45	7.4355	4.1245	7.9655	5.529	8.9645	4.5545	9.836	9.3245	10.32	10.11
YTHDF2	6_Reader	ENSG00000198492	39.12	38.08	32.9733333333333	42.68	14.5577272727273	26.9575	44.525	31.8325	34.9116666666667	52.2	13.955	17.96	17.82	45.51	44.06	40.06	41.885	40.3	15.495	26.89	34.44	25.045	52.56	33.07	41.655	27.725	47.51	40.185	43.43	40.12
YTHDC1	6_Reader	ENSG00000083896	32.6425	18.07	34.37	38.59	18.7290909090909	55.3775	49.195	29.81	31.41	44.76	12.2355	14.89	10.7	37.03	38.22	31.15	50.62	66.6	14.515	38.39	35.7	16.85	38.045	29.66	35.79	21.175	36.22	44.58	54.23	44.52
YTHDC2	6_Reader	ENSG00000047188	17.73	16.06	20.1266666666667	23.05	7.79254545454545	32.3975	24.3775	15.5475	17.29	22.93	7.049	8.029	7.897	19.51	19.835	17.32	28.095	31.14	7.602	22.41	20.305	9.4975	19.435	18.37	22.4	11.9	25.71	26.715	27.84	23.25
HNRNPA2B1	6_Reader	ENSG00000122566	415.15	393.45	409.3	465.4	243.722727272727	633.375	657.6	400.9	401.15	575.5	221.1	265.9	190.7	540.1	447.4	361	641.55	889.7	194.9	487.3	465.3	346.45	316.4	443.7	607.95	319.45	549.1	598.1	789.2	510.9
YTHDF3	6_Reader	ENSG00000185728	27.4025	24.245	30.1933333333333	31.66	10.8902272727273	21.6175	32.395	24.735	24.5016666666667	34.05	13.595	11.83	15.58	29.86	24.975	22.52	33.655	35.61	9.2775	21.4	27.255	22.43	17.975	23.47	25.9	16.41	27.5	27.295	39.03	27.37
EIF3A	6_Reader	ENSG00000107581	101.175	72.675	101.29	131	35.6595454545455	63.6925	107	90.5025	99.47	105.4	40.915	30.24	26.71	92.58	96.05	94.51	100.55	105.1	75.42	49.03	71.165	138.15	114.45	78.04	67.235	87.485	84.04	91.695	115.7	105.3
HNRNPC	6_Reader	ENSG00000092199	97.64	95.155	100.743333333333	119	62.2486363636364	90.955	149.925	88.0875	92.0366666666667	132.2	40.34	59.08	45.26	116.1	109.5	78.75	124.7	177.5	39.445	100.9	101.05	45.64	95.19	85.6	122.1	65.7	86.19	104.2	150.1	122.1
YTHDF1	6_Reader	ENSG00000149658	36.4175	29.78	38.1333333333333	37.11	23.5881818181818	62.8	44.255	34.205	34.0733333333333	47.52	14.94	22.5	21.18	48.84	39.075	32.11	42.955	43.34	15.685	55.73	42.58	35.065	39.535	34.32	46.08	30.26	40.46	61.865	50.41	36.51
ALKBH3	7_Eraser	ENSG00000166199	19.275	13.24	21.8633333333333	22.53	8.77763636363636	18.6175	25.6575	16.4425	17.1433333333333	27.99	6.321	10.57	7.102	17.63	21.895	17.93	27.195	27.77	9.226	20	23.67	15.57	22.09	14.48	19.97	15.795	26.31	19.725	28.87	22.52
ALKBH2	7_Eraser	ENSG00000189046	16.6675	10.16	14.7566666666667	16.79	8.45754545454546	11.1075	19.0875	12.0885	12.8333333333333	22.6	4.922	6.574	10.69	11.91	20.025	12.17	24.815	22.72	6.859	9.352	14.745	8.6555	20.97	11.32	13.715	10.855	14.35	16.695	22.66	18.16
ALKBH1	7_Eraser	ENSG00000100601	9.6625	7.3905	8.86333333333333	12.41	3.52172727272727	8.125	12.37	9.336	8.2855	10.6	5.1045	4.926	3.739	8.58	11.02	7.276	13.625	12.26	3.051	8.1	10.73	7.3145	9.984	7.367	11.315	6.914	13.01	11.015	12.11	10.04
FTO	7_Eraser	ENSG00000140718	6.0545	8.087	8.83933333333333	7.454	4.73645454545455	10.676	10.16825	4.23825	4.846	6.955	2.562	1.952	0.8842	5.799	7.0655	4.045	7.5475	6.899	1.4705	5.774	4.218	4.037	4.797	2.597	2.451	2.1435	2.263	6.2065	8.584	5.346
ALKBH5	7_Eraser	ENSG00000091542	70.255	73.235	107.446666666667	102.3	58.6786363636364	106.6	110.555	96.5275	92.0466666666667	122.4	78.58	55.14	42.78	78.41	70.51	66.66	91.605	92.4	30.165	122.9	102.6	166.15	61.84	63.37	81.19	55.81	183.3	95.465	125.9	80.38
JMJD6	7_Eraser	ENSG00000070495	15.3675	13.005	22.85	20.56	7.95136363636364	30.54	15.1975	19.04	19.1266666666667	18.47	14.64	7.605	5.558	19.13	14.01	10.28	17.415	20.4	5.631	18.51	17.23	17.58	10.395	11.01	17.43	10.545	20.54	14.52	18.78	15.69
